Transaction_Date,Transaction_Ref,Description,Withdrawal,Deposit,Balance
2024-07-13,902963,WITHDRAWAL,0.0,80.0,0.0
2024-07-13,2405744,WITHDRAWAL,0.0,2405744.0,77631667.0
2024-07-14,2057236,WITHDRAWAL,0.0,11.0,0.0
2024-07-15,674047,WITHDRAWAL,0.0,25.0,0.0
2024-07-15,1160639,WITHDRAWAL,0.0,15.0,0.0
2024-07-15,1190389,WITHDRAWAL,0.0,10.0,0.0
2024-07-15,1196048,WITHDRAWAL,0.0,15.0,0.0
2024-07-15,1633463,WITHDRAWAL,0.0,150.0,0.0
2024-07-15,2292906,WITHDRAWAL,0.0,60.0,0.0
2024-07-01,1987844,DEPOSIT,0.0,1987844.0,0.0
2024-07-01,2027869,DEPOSIT,0.0,2027869.0,0.0
2024-07-01,2042190,WITHDRAWAL,0.0,435.0,0.0
2024-07-01,2049163,WITHDRAWAL,0.0,100.0,0.0
2024-07-01,2066039,WITHDRAWAL,0.0,25.0,0.0
2024-07-01,2066798,WITHDRAWAL,0.0,50.0,0.0
2024-07-01,2108180,DEPOSIT,0.0,2108180.0,0.0
2024-07-01,2204948,WITHDRAWAL,0.0,2204948.0,0.0
2024-07-01,2288596,DEPOSIT,0.0,2288596.0,0.0
2024-07-01,2274232,WITHDRAWAL,0.0,2274232.0,0.0
2024-07-01,2425629,DEBIT,49.0,0.0,36.84
2024-07-02,443235,WITHDRAWAL,0.0,30.0,0.0
2024-07-02,1748148,DEPOSIT,0.0,1748148.0,0.0
2024-07-02,2092747,WITHDRAWAL,0.0,40.0,0.0
2024-07-03,1433087,WITHDRAWAL,0.0,5.0,0.0
2024-07-05,1952954,WITHDRAWAL,0.0,10.0,0.0
2024-07-05,1984377,DEPOSIT,0.0,1984377.0,0.0
2024-07-05,1989469,WITHDRAWAL,0.0,740.0,0.0
2024-07-05,2039857,DEBIT,49.0,0.0,12.84
2024-07-05,2125824,DEBIT,10.0,0.0,2.84
2024-07-07,1518153,DEPOSIT,0.0,1518153.0,0.0
2024-07-07,1569052,WITHDRAWAL,0.0,694.0,0.0
2024-07-08,1663388,WITHDRAWAL,0.0,100.0,0.0
2024-07-08,1752598,WITHDRAWAL,0.0,100.0,0.0
2024-07-08,2275305,WITHDRAWAL,0.0,2275305.0,77635327.0
2024-07-09,611820,WITHDRAWAL,0.0,150.0,0.0
2024-07-09,928560,WITHDRAWAL,0.0,235.0,0.0
2024-07-09,942325,WITHDRAWAL,0.0,250.0,0.0
2024-07-09,1038132,WITHDRAWAL,0.0,100.0,0.0
2024-07-09,1069456,WITHDRAWAL,0.0,2950.0,0.0
2024-07-09,1217681,WITHDRAWAL,0.0,1750.0,0.0
2024-07-09,1322908,WITHDRAWAL,0.0,378.0,0.0
2024-07-09,1378321,DEBIT,99.0,0.0,8176.84
2024-07-09,1495369,WITHDRAWAL,0.0,2380.0,0.0
2024-07-09,1658005,WITHDRAWAL,0.0,365.0,0.0
2024-07-09,1702464,WITHDRAWAL,0.0,130.0,0.0
2024-07-09,1705674,WITHDRAWAL,0.0,65.0,0.0
2024-07-09,1980019,WITHDRAWAL,0.0,260.0,0.0
2024-07-09,1995599,WITHDRAWAL,0.0,340.0,0.0
2024-07-09,2047389,WITHDRAWAL,0.0,500.0,0.0
2024-07-09,2214093,WITHDRAWAL,0.0,320.0,0.0
2024-07-09,2314522,WITHDRAWAL,0.0,200.0,0.0
2024-07-09,2616478,DEBIT,99.0,0.0,3517.84
2024-07-10,950011984,WITHDRAWAL,0.0,950011984.0,0.0
2024-07-10,121971,WITHDRAWAL,0.0,1000.0,0.0
2024-07-10,482916,WITHDRAWAL,0.0,30.0,0.0
2024-07-10,524410,WITHDRAWAL,0.0,80.0,0.0
2024-07-10,557730,WITHDRAWAL,0.0,75.0,0.0
2024-07-10,573087,WITHDRAWAL,0.0,40.0,0.0
2024-07-10,577573,WITHDRAWAL,0.0,150.0,0.0
2024-07-10,648332,WITHDRAWAL,0.0,200.0,0.0
2024-07-10,672971,WITHDRAWAL,0.0,220.0,0.0
2024-07-10,1064991,WITHDRAWAL,0.0,30.0,0.0
2024-07-10,1171028,WITHDRAWAL,0.0,230.0,0.0
2024-07-10,1176407,WITHDRAWAL,0.0,40.0,0.0
2024-07-10,1838918,WITHDRAWAL,0.0,200.0,0.0
2024-07-10,2083205,WITHDRAWAL,0.0,2083205.0,77631667.0
2024-07-11,1804398,DEPOSIT,0.0,1804398.0,0.0
2024-07-11,1848168,DEPOSIT,0.0,1848168.0,0.0
2024-07-11,1849451,WITHDRAWAL,0.0,60.0,0.0
2024-07-11,2168606,DEBIT,49.0,0.0,1013.84
2024-07-12,2317408,DEBIT,99.0,0.0,914.84
2024-07-13,799672,WITHDRAWAL,0.0,799672.0,0.0
2024-08-25,1914063,DEBIT,19.0,0.0,20.17
2024-08-26,20639,DEPOSIT,0.0,20639.0,0.0
2024-08-26,332849,WITHDRAWAL,0.0,45.0,0.0
2024-08-26,2346422,DEBIT,99.0,0.0,76.17
2024-08-27,42346,WITHDRAWAL,0.0,75.0,0.0
2024-07-16,1054905,WITHDRAWAL,0.0,45.0,0.0
2024-07-17,1482786,WITHDRAWAL,0.0,70.0,0.0
2024-07-17,1489937,WITHDRAWAL,0.0,45.0,0.0
2024-07-18,2196582,DEBIT,19.0,0.0,806.84
2024-07-20,20833,WITHDRAWAL,0.0,300.0,0.0
2024-07-20,846533,WITHDRAWAL,0.0,140.0,0.0
2024-07-20,953654,WITHDRAWAL,0.0,366.0,0.0
2024-07-22,961954,DEPOSIT,0.0,961954.0,0.0
2024-07-22,1167828,WITHDRAWAL,0.0,160.0,0.0
2024-07-22,1169415,WITHDRAWAL,0.0,40.0,0.0
2024-07-22,2248187,DEPOSIT,0.0,2248187.0,0.0
2024-07-23,615514,WITHDRAWAL,0.0,100.0,0.0
2024-07-23,961948,WITHDRAWAL,0.0,50.0,0.0
2024-07-23,1203867,WITHDRAWAL,0.0,150.0,0.0
2024-07-23,1740590,WITHDRAWAL,0.0,170.0,0.0
2024-07-23,1774829,WITHDRAWAL,0.0,225.0,0.0
2024-07-28,1305098,DEPOSIT,0.0,1305098.0,0.0
2024-07-28,1480231,WITHDRAWAL,0.0,271.6,0.0
2024-07-28,1494541,WITHDRAWAL,0.0,150.0,0.0
2024-07-28,1594668,WITHDRAWAL,0.0,1594668.0,0.0
2024-07-31,923002247,CREDIT,0.0,923002247.0,0.0
2024-08-04,1710852,DEPOSIT,0.0,1710852.0,0.0
2024-08-04,1722632,DEPOSIT,0.0,1722632.0,0.0
2024-08-04,1946922,WITHDRAWAL,0.0,245.0,0.0
2024-08-05,175711,DEPOSIT,0.0,175711.0,0.0
2024-08-05,2231470,WITHDRAWAL,0.0,45.0,0.0
2024-08-06,1482965,WITHDRAWAL,0.0,275.0,0.0
2024-08-06,1492787,DEPOSIT,0.0,1492787.0,0.0
2024-08-06,1495603,WITHDRAWAL,0.0,190.0,0.0
2024-08-06,1697597,WITHDRAWAL,0.0,180.0,0.0
2024-08-08,242434,DEBIT,9.0,0.0,0.28
2024-08-08,661964,DEPOSIT,0.0,661964.0,0.0
2024-08-08,2110544,WITHDRAWAL,0.0,2110544.0,0.0
2024-08-08,2312117,DEBIT,47.0,0.0,400.28
2024-08-09,20093,WITHDRAWAL,0.0,20093.0,0.0
2024-08-10,1597051,WITHDRAWAL,0.0,1597051.0,0.0
2024-08-10,1643965,WITHDRAWAL,0.0,125.0,0.0
2024-08-10,1712214,WITHDRAWAL,0.0,20.0,0.0
2024-08-15,478271,DEPOSIT,0.0,478271.0,0.0
2024-08-15,488521,WITHDRAWAL,0.0,110.0,0.0
2024-08-16,167195,DEBIT,5.0,0.0,190.28
2024-08-16,880540,WITHDRAWAL,0.0,190.0,0.0
2024-08-17,869993,DEPOSIT,0.0,869993.0,0.0
2024-08-17,885360,DEPOSIT,0.0,885360.0,0.0
2024-08-17,1495356,DEPOSIT,0.0,1495356.0,0.0
2024-08-17,1704966,WITHDRAWAL,0.0,200.0,0.0
2024-08-17,1757613,WITHDRAWAL,0.0,820.0,0.0
2024-08-17,1827942,WITHDRAWAL,0.0,300.0,0.0
2024-08-17,1945693,WITHDRAWAL,0.0,400.0,0.0
2024-08-18,62070,WITHDRAWAL,0.0,100.0,0.0
2024-08-22,2111567,DEPOSIT,0.0,2111567.0,0.0
2024-08-23,160769,WITHDRAWAL,0.0,160769.0,0.0
2024-08-23,1039267,DEPOSIT,0.0,1039267.0,0.0
2024-08-25,47785,WITHDRAWAL,0.0,47785.0,0.0
2024-08-25,1249847,WITHDRAWAL,0.0,290.0,0.0
2024-08-27,1385207,DEPOSIT,0.0,1385207.0,0.0
2024-08-27,1545255,WITHDRAWAL,0.0,80.0,0.0
2024-08-31,923002158,CREDIT,0.0,923002158.0,0.0
2024-09-01,1393992,DEPOSIT,0.0,1393992.0,0.0
2024-09-01,1696613,DEPOSIT,0.0,1696613.0,0.0
2024-09-01,1907288,WITHDRAWAL,0.0,1907288.0,0.0
2024-09-01,2313368,WITHDRAWAL,0.0,720.0,0.0
2024-09-02,51073,WITHDRAWAL,0.0,500.0,0.0
2024-09-03,1567108,WITHDRAWAL,0.0,105.0,0.0
2024-09-03,1603651,WITHDRAWAL,0.0,360.0,0.0
2024-09-03,1604830,WITHDRAWAL,0.0,360.0,0.0
2024-09-03,1817896,WITHDRAWAL,0.0,125.0,0.0
2024-09-04,1243285,WITHDRAWAL,0.0,500.0,0.0
2024-09-04,1255745,WITHDRAWAL,0.0,10.0,0.0
2024-09-06,1527760,DEBIT,15.0,0.0,0.36
2024-09-07,201893,DEPOSIT,0.0,201893.0,0.0
2024-09-07,203354,DEBIT,99.0,0.0,2901.36
2024-09-07,271369,WITHDRAWAL,0.0,271369.0,159202146852453.0
2024-09-07,335429,WITHDRAWAL,0.0,50.0,0.0
2024-09-07,384401,WITHDRAWAL,0.0,40.0,0.0
2024-09-07,392877,WITHDRAWAL,0.0,350.0,0.0
2024-09-07,422525,WITHDRAWAL,0.0,10.0,0.0
2024-09-07,668445,WITHDRAWAL,0.0,130.0,0.0
2024-09-07,702303,WITHDRAWAL,0.0,150.0,0.0
2024-09-07,787981,WITHDRAWAL,0.0,100.0,0.0
2024-09-07,789140,DEPOSIT,0.0,789140.0,0.0
2024-09-07,1490529,WITHDRAWAL,0.0,1490529.0,0.0
2024-09-08,1400928,WITHDRAWAL,0.0,140.0,0.0
2024-09-08,1640769,WITHDRAWAL,0.0,710.0,0.0
2024-09-08,1660331,WITHDRAWAL,0.0,5.0,0.0
2024-09-08,1624943,WITHDRAWAL,0.0,195.0,0.0
2024-09-09,41830,WITHDRAWAL,0.0,900.0,0.0
2024-09-09,42997,WITHDRAWAL,0.0,71.0,0.0
2024-09-12,556697,DEPOSIT,0.0,556697.0,0.0
2024-09-12,883575,WITHDRAWAL,0.0,60.0,0.0
2024-09-12,1023390,WITHDRAWAL,0.0,265.0,0.0
2024-09-12,1038661,WITHDRAWAL,0.0,35.0,0.0
2024-09-12,1184162,DEPOSIT,0.0,1184162.0,0.0
2024-09-12,1169354,WITHDRAWAL,0.0,1650.0,0.0
2024-09-12,1223785,WITHDRAWAL,0.0,320.0,0.0
2024-09-12,1233943,DEPOSIT,0.0,1233943.0,0.0
2024-09-12,1246171,WITHDRAWAL,0.0,40.0,0.0
2024-09-12,1238797,DEPOSIT,0.0,1238797.0,0.0
2024-09-12,1278084,WITHDRAWAL,0.0,560.0,0.0
2024-09-12,1380901,WITHDRAWAL,0.0,300.0,0.0
2024-09-12,1404993,WITHDRAWAL,0.0,100.0,0.0
2024-09-12,1456010,WITHDRAWAL,0.0,320.0,0.0
2024-09-12,1499581,WITHDRAWAL,0.0,400.0,0.0
2024-09-12,1836252,DEPOSIT,0.0,1836252.0,0.0
2024-09-12,1840525,WITHDRAWAL,0.0,1840525.0,0.0
2024-09-13,1517253,WITHDRAWAL,0.0,45.0,0.0
2024-09-13,1903070,DEBIT,10.0,0.0,1435.36
2024-09-13,2034735,DEBIT,49.0,0.0,1386.36
2024-09-13,2307850,WITHDRAWAL,0.0,2307850.0,77631667.0
2024-09-13,2554516,WITHDRAWAL,0.0,365.0,0.0
2024-09-14,1403031,DEBIT,10.0,0.0,631.36
2024-09-14,1480464,WITHDRAWAL,0.0,100.0,0.0
2024-09-14,1497810,DEPOSIT,0.0,1497810.0,0.0
2024-09-14,1740601,WITHDRAWAL,0.0,40.0,0.0
2024-09-14,1791185,WITHDRAWAL,0.0,197.0,0.0
2024-09-14,2169667,WITHDRAWAL,0.0,150.0,0.0
2024-09-14,2324785,WITHDRAWAL,0.0,2324785.0,0.0
2024-09-14,2352742,WITHDRAWAL,0.0,65.0,0.0
2024-09-14,2354189,WITHDRAWAL,0.0,350.0,0.0
2024-09-14,2407627,WITHDRAWAL,0.0,100.0,0.0
2024-09-15,1023226,WITHDRAWAL,0.0,1000.0,0.0
2024-09-16,863586,WITHDRAWAL,0.0,49.0,0.0
2024-09-22,340580,DEPOSIT,0.0,340580.0,0.0
2024-09-22,1945322,WITHDRAWAL,0.0,20.0,0.0
2024-09-22,2347847,DEPOSIT,0.0,2347847.0,0.0
2024-09-22,2431184,WITHDRAWAL,0.0,415.0,0.0
2024-09-23,423453,DEPOSIT,0.0,423453.0,0.0
2024-09-23,759953,WITHDRAWAL,0.0,759953.0,601492142352453.0
2024-09-23,1025098,WITHDRAWAL,0.0,1025098.0,0.0
2024-09-23,1191252,DEBIT,10.0,0.0,275.36
2024-09-23,1472727,WITHDRAWAL,0.0,145.0,0.0
2024-09-24,1208145,WITHDRAWAL,0.0,30.0,0.0
2024-09-24,2060485,DEPOSIT,0.0,2060485.0,0.0
2024-09-25,472674,WITHDRAWAL,0.0,80.0,0.0
2024-09-25,876805,WITHDRAWAL,0.0,10.0,0.0
2024-09-25,1889435,WITHDRAWAL,0.0,285.0,0.0
2024-09-25,1992378,WITHDRAWAL,0.0,1000.0,0.0
2024-09-25,2042385,WITHDRAWAL,0.0,2042385.0,77631667.0
2024-09-26,1108705,WITHDRAWAL,0.0,170.0,0.0
2024-09-26,2152817,DEBIT,10.0,0.0,445.36
2024-09-26,2161286,DEBIT,10.0,0.0,435.36
2024-09-26,2228396,WITHDRAWAL,0.0,2228396.0,0.0
2024-09-27,1170887,DEPOSIT,0.0,1170887.0,0.0
2024-09-27,2368376,WITHDRAWAL,0.0,2368376.0,77631667.0
2024-09-28,687544,WITHDRAWAL,0.0,100.0,0.0
2024-09-28,697741,WITHDRAWAL,0.0,20.0,0.0
2024-09-28,756192,WITHDRAWAL,0.0,140.0,0.0
2024-09-28,770466,WITHDRAWAL,0.0,15.0,0.0
2024-09-28,799212,WITHDRAWAL,0.0,300.0,0.0
2024-09-28,925187,WITHDRAWAL,0.0,150.0,0.0
2024-09-28,1009635,WITHDRAWAL,0.0,1009635.0,17809780.0
2024-09-28,1470572,WITHDRAWAL,0.0,25.0,0.0
2024-09-28,1575789,DEBIT,49.0,0.0,2961.36
2024-09-28,1597013,WITHDRAWAL,0.0,1597013.0,77631667.0
2024-09-28,1640004,WITHDRAWAL,0.0,15.0,0.0
2024-09-28,1990096,WITHDRAWAL,0.0,85.0,0.0
2024-09-28,2400135,WITHDRAWAL,0.0,40.0,0.0
2024-09-28,2415943,WITHDRAWAL,0.0,15.0,0.0
2024-09-28,2440957,WITHDRAWAL,0.0,750.0,0.0
2024-09-28,2316296,WITHDRAWAL,0.0,905.0,0.0
2024-09-28,2541685,WITHDRAWAL,0.0,500.0,0.0
2024-09-29,39995,DEBIT,99.0,0.0,502.36
2024-09-29,60111,WITHDRAWAL,0.0,500.0,0.0
2024-09-29,2199497,WITHDRAWAL,0.0,2199497.0,77631667.0
2024-09-30,923002046,CREDIT,0.0,923002046.0,0.0
2024-10-01,1477817,DEPOSIT,0.0,1477817.0,0.0
2024-10-01,1697586,DEPOSIT,0.0,1697586.0,0.0
2024-10-01,1763937,WITHDRAWAL,0.0,490.0,0.0
2024-10-01,1778112,WITHDRAWAL,0.0,70.0,0.0
2024-07-02,1339179,DEBIT,777.0,0.0,5633.63
2024-07-03,1481169,DEBIT,10.0,0.0,5623.63
2024-07-05,1959014,DEBIT,50.0,0.0,5573.63
2024-07-06,1566099,DEPOSIT,0.0,1566099.0,0.0
2024-07-06,1579549,DEBIT,10.0,0.0,5863.63
2024-07-06,1773747,WITHDRAWAL,0.0,50.0,0.0
2024-07-06,1841027,WITHDRAWAL,0.0,30.0,0.0
2024-07-06,1847651,WITHDRAWAL,0.0,100.0,0.0
2024-07-06,1901393,WITHDRAWAL,0.0,170.0,0.0
2024-07-06,1907313,WITHDRAWAL,0.0,100.0,0.0
2024-07-06,1917857,WITHDRAWAL,0.0,105.0,0.0
2024-07-06,1937238,WITHDRAWAL,0.0,150.0,0.0
2024-07-06,1967752,WITHDRAWAL,0.0,100.0,0.0
2024-07-07,1399924,WITHDRAWAL,0.0,30.0,0.0
2024-07-10,1383750,WITHDRAWAL,0.0,150.0,0.0
2024-07-10,1398311,DEBIT,25.0,0.0,4853.63
2024-07-11,666780,WITHDRAWAL,0.0,666780.0,0.0
2024-07-12,2172396,DEBIT,10.0,0.0,843.63
2024-07-12,2172584,CREDIT,2172584.0,0.0,0.0
2024-07-14,1838771,WITHDRAWAL,0.0,166.0,0.0
2024-07-14,2030423,WITHDRAWAL,0.0,249.0,0.0
2024-07-14,2350711,DEBIT,99.0,0.0,339.63
2024-07-16,1501129,WITHDRAWAL,0.0,250.0,0.0
2024-07-16,1864932,DEBIT,49.0,0.0,40.63
2024-07-16,1865044,CREDIT,1865044.0,0.0,0.0
2024-07-17,936691,DEBIT,49.0,0.0,40.63
2024-07-18,1355663,DEPOSIT,0.0,1355663.0,0.0
2024-07-20,1143981,DEBIT,10.0,0.0,710.63
2024-07-22,973357,WITHDRAWAL,0.0,166.0,0.0
2024-07-22,1148381,DEBIT,29.0,0.0,515.63
2024-07-22,1660346,WITHDRAWAL,0.0,100.0,0.0
2024-07-22,2139978,DEPOSIT,0.0,2139978.0,0.0
2024-07-23,799739,DEBIT,19.0,0.0,1396.63
2024-07-23,918995,WITHDRAWAL,0.0,100.0,0.0
2024-07-23,1655700,DEBIT,20.0,0.0,1276.63
2024-07-23,1656500,DEBIT,29.0,0.0,1247.63
2024-07-24,1050171,DEPOSIT,0.0,1050171.0,0.0
2024-07-26,2250345,DEBIT,20.0,0.0,1727.63
2024-07-26,2321985,DEBIT,19.0,0.0,1708.63
2024-07-27,1446654,DEBIT,49.0,0.0,1659.63
2024-07-28,208244,DEBIT,49.0,0.0,1610.63
2024-07-29,459777,DEPOSIT,0.0,459777.0,0.0
2024-07-29,616712,WITHDRAWAL,0.0,616712.0,0.0
2024-07-29,1247687,WITHDRAWAL,0.0,150.0,0.0
2024-07-29,1899485,WITHDRAWAL,0.0,200.0,0.0
2024-07-30,1807445,WITHDRAWAL,0.0,580.0,0.0
2024-07-30,1821910,WITHDRAWAL,0.0,100.0,0.0
2024-07-30,2243407,WITHDRAWAL,0.0,2243407.0,0.0
2024-07-31,1325770,DEBIT,49.0,0.0,1481.63
2024-07-31,924013883,CREDIT,0.0,924013883.0,0.0
2024-08-03,1742291,WITHDRAWAL,0.0,145.0,0.0
2024-08-03,2319394,WITHDRAWAL,0.0,185.0,0.0
2024-08-04,1948370,WITHDRAWAL,0.0,190.0,0.0
2024-08-05,2489625,WITHDRAWAL,0.0,265.0,0.0
2024-08-06,1325711,WITHDRAWAL,0.0,231.0,0.0
2024-08-06,1426897,WITHDRAWAL,0.0,100.0,0.0
2024-08-07,6742,DEBIT,49.0,0.0,1326.05
2024-08-08,2130243,WITHDRAWAL,0.0,2130243.0,0.0
2024-08-09,2071642,WITHDRAWAL,0.0,190.0,0.0
2024-08-10,1939087,WITHDRAWAL,0.0,146.0,0.0
2024-08-10,1976086,WITHDRAWAL,0.0,225.0,0.0
2024-08-12,1985416,DEBIT,99.0,0.0,613.05
2024-08-16,983986,WITHDRAWAL,0.0,110.0,0.0
2024-08-17,1816020,WITHDRAWAL,0.0,125.0,0.0
2024-08-19,2032458,DEBIT,99.0,0.0,279.05
2024-08-22,1028658,WITHDRAWAL,0.0,1028658.0,0.0
2024-08-25,950023085,DEBIT,99.0,0.0,134.05
2024-08-31,716480,WITHDRAWAL,0.0,716480.0,0.0
2024-08-31,2463086,DEBIT,49.0,0.0,27.05
2024-08-31,924013418,CREDIT,0.0,924013418.0,0.0
2024-09-03,1652685,DEPOSIT,0.0,1652685.0,0.0
2024-09-04,2408334,DEBIT,19.0,0.0,210.92
2024-09-05,1750308,DEBIT,29.0,0.0,181.92
2024-09-07,950049737,DEBIT,49.0,0.0,132.92
2024-09-07,176547,DEPOSIT,0.0,176547.0,0.0
2024-09-10,950011200,DEBIT,49.0,0.0,583.92
2024-09-14,1280650,DEBIT,49.0,0.0,534.92
2024-09-19,1996163,DEBIT,19.0,0.0,515.92
2024-09-21,2296850,DEBIT,10.0,0.0,505.92
2024-09-21,2311487,DEPOSIT,0.0,2311487.0,0.0
2024-09-21,2332549,WITHDRAWAL,0.0,350.0,0.0
2024-09-21,2653407,DEBIT,49.0,0.0,1106.92
2024-09-24,1217302,WITHDRAWAL,0.0,110.0,0.0
2024-09-24,1231613,WITHDRAWAL,0.0,170.0,0.0
2024-09-25,876779,WITHDRAWAL,0.0,100.0,0.0
2024-09-26,1656355,WITHDRAWAL,0.0,105.0,0.0
2024-09-27,1807670,DEBIT,49.0,0.0,572.92
2024-09-27,2376226,WITHDRAWAL,0.0,165.0,0.0
2024-09-28,719244,WITHDRAWAL,0.0,100.0,0.0
2024-09-28,1981388,WITHDRAWAL,0.0,150.0,0.0
2024-09-30,924013100,CREDIT,0.0,924013100.0,0.0
2024-10-02,508057,WITHDRAWAL,0.0,75.0,0.0
2024-10-02,1169105,CASH,0.0,1169105.0,17394529.0
2024-10-02,1391590,WITHDRAWAL,0.0,340.0,0.0
2024-10-02,1490495,WITHDRAWAL,0.0,530.0,0.0
2024-10-02,1575586,WITHDRAWAL,0.0,100.0,0.0
2024-10-02,1655150,WITHDRAWAL,0.0,735.0,0.0
2024-10-02,1904011,WITHDRAWAL,0.0,800.0,0.0
2024-10-02,2004878,DEPOSIT,0.0,2004878.0,0.0
2024-10-02,2200791,DEBIT,49.0,0.0,13504.09
2024-07-02,1140595,WITHDRAWAL,0.0,20.0,0.0
2024-07-02,1485889,WITHDRAWAL,0.0,100.0,0.0
2024-07-03,1435547,WITHDRAWAL,0.0,1435547.0,0.0
2024-07-03,1426789,DEPOSIT,0.0,1426789.0,0.0
2024-07-03,1457563,WITHDRAWAL,0.0,250.0,0.0
2024-07-03,1462668,WITHDRAWAL,0.0,2860.0,0.0
2024-07-03,1633732,WITHDRAWAL,0.0,400.0,0.0
2024-07-03,1827793,DEPOSIT,0.0,1827793.0,0.0
2024-07-03,1956257,WITHDRAWAL,0.0,350.0,0.0
2024-07-03,2029522,WITHDRAWAL,0.0,130.0,0.0
2024-07-03,2066070,WITHDRAWAL,0.0,480.0,0.0
2024-07-03,2081091,WITHDRAWAL,0.0,440.0,0.0
2024-07-04,514237,DEPOSIT,0.0,514237.0,0.0
2024-07-04,630193,WITHDRAWAL,0.0,1500.0,0.0
2024-07-04,1180655,WITHDRAWAL,0.0,60.0,0.0
2024-07-07,2196423,DEBIT,199.0,0.0,1396.91
2024-07-08,1370170,WITHDRAWAL,0.0,400.0,0.0
2024-07-10,1547284,WITHDRAWAL,0.0,300.0,0.0
2024-07-10,2216927,DEPOSIT,0.0,2216927.0,0.0
2024-07-10,2219486,WITHDRAWAL,0.0,2219486.0,0.0
2024-07-10,2261256,DEPOSIT,0.0,2261256.0,0.0
2024-07-10,2261875,WITHDRAWAL,0.0,2261875.0,0.0
2024-07-11,817257,WITHDRAWAL,0.0,817257.0,6111372162863228.0
2024-07-11,1482863,DEPOSIT,0.0,1482863.0,0.0
2024-07-11,1490783,WITHDRAWAL,0.0,40.0,0.0
2024-07-12,705735,DEPOSIT,0.0,705735.0,0.0
2024-07-12,715115,WITHDRAWAL,0.0,715115.0,0.0
2024-07-12,1094630,WITHDRAWAL,0.0,800.0,0.0
2024-07-12,1338776,WITHDRAWAL,0.0,60.0,0.0
2024-07-13,920256,DEPOSIT,0.0,920256.0,0.0
2024-07-13,1106776,WITHDRAWAL,0.0,150.0,0.0
2024-07-13,1144235,WITHDRAWAL,0.0,418.0,0.0
2024-07-13,2096738,WITHDRAWAL,0.0,100.0,0.0
2024-07-13,2230859,WITHDRAWAL,0.0,450.0,0.0
2024-07-14,950042840,WITHDRAWAL,0.0,350.0,0.0
2024-07-14,49640,WITHDRAWAL,0.0,49640.0,0.0
2024-07-14,943060,WITHDRAWAL,0.0,200.0,0.0
2024-07-17,1435906,DEPOSIT,0.0,1435906.0,0.0
2024-07-17,1648452,WITHDRAWAL,0.0,300.0,0.0
2024-07-17,2047958,WITHDRAWAL,0.0,2047958.0,0.0
2024-07-18,1692461,WITHDRAWAL,0.0,100.0,0.0
2024-07-18,1804987,WITHDRAWAL,0.0,55.0,0.0
2024-07-19,2018793,DEBIT,100.0,0.0,2523.91
2024-07-20,2035438,WITHDRAWAL,0.0,350.0,0.0
2024-07-20,2170340,WITHDRAWAL,0.0,60.0,0.0
2024-07-22,323714,WITHDRAWAL,0.0,10.0,0.0
2024-07-22,477504,WITHDRAWAL,0.0,420.0,0.0
2024-07-22,681949,WITHDRAWAL,0.0,2000.0,0.0
2024-07-22,838601,WITHDRAWAL,0.0,1080.0,0.0
2024-07-22,859556,WITHDRAWAL,0.0,450.0,0.0
2024-07-22,860425,WITHDRAWAL,0.0,860425.0,2911402167403228.0
2024-07-22,917968,WITHDRAWAL,0.0,100.0,0.0
2024-07-22,1121748,DEPOSIT,0.0,1121748.0,0.0
2024-07-22,1483311,WITHDRAWAL,0.0,1695.0,0.0
2024-07-22,1552199,WITHDRAWAL,0.0,1000.0,0.0
2024-07-22,1574243,WITHDRAWAL,0.0,3315.0,0.0
2024-07-22,1598036,WITHDRAWAL,0.0,299.0,0.0
2024-07-23,777565,WITHDRAWAL,0.0,680.0,0.0
2024-07-23,880668,WITHDRAWAL,0.0,790.0,0.0
2024-07-23,911716,WITHDRAWAL,0.0,600.0,0.0
2024-07-23,918103,WITHDRAWAL,0.0,300.0,0.0
2024-07-23,1020823,WITHDRAWAL,0.0,130.0,0.0
2024-07-24,1047319,DEPOSIT,0.0,1047319.0,0.0
2024-07-24,1657864,WITHDRAWAL,0.0,403.0,0.0
2024-07-25,566284,WITHDRAWAL,0.0,425.0,0.0
2024-07-25,1777708,WITHDRAWAL,0.0,575.0,0.0
2024-07-26,634695,WITHDRAWAL,0.0,200.0,0.0
2024-07-26,1895282,WITHDRAWAL,0.0,660.0,0.0
2024-07-26,2378315,DEPOSIT,0.0,2378315.0,0.0
2024-07-26,2398492,WITHDRAWAL,0.0,2398492.0,0.0
2024-07-26,2434117,WITHDRAWAL,0.0,2434117.0,0.0
2024-07-26,2436219,WITHDRAWAL,0.0,3400.0,0.0
2024-07-27,910698,WITHDRAWAL,0.0,800.0,0.0
2024-07-27,924461,WITHDRAWAL,0.0,785.0,0.0
2024-07-28,710711,WITHDRAWAL,0.0,799.0,0.0
2024-07-28,1353384,WITHDRAWAL,0.0,400.0,0.0
2024-07-28,1355666,WITHDRAWAL,0.0,20.0,0.0
2024-07-28,1974253,WITHDRAWAL,0.0,465.0,0.0
2024-07-29,592964,WITHDRAWAL,0.0,180.0,0.0
2024-07-29,2774649,WITHDRAWAL,0.0,140.0,0.0
2024-07-30,1638763,WITHDRAWAL,0.0,1638763.0,191622165283228.0
2024-07-30,2341537,WITHDRAWAL,0.0,2341537.0,0.0
2024-07-30,2660545,WITHDRAWAL,0.0,200.0,0.0
2024-07-31,2029448,DEBIT,2029448.0,11056169299522.0,100.0
2024-07-31,924016283,CREDIT,0.0,924016283.0,0.0
2024-08-03,1374645,WITHDRAWAL,0.0,1374645.0,0.0
2024-08-03,2260964,WITHDRAWAL,0.0,335.0,0.0
2024-08-04,1186815,WITHDRAWAL,0.0,505.0,0.0
2024-08-05,1238371,WITHDRAWAL,0.0,195.0,0.0
2024-08-05,2511916,DEBIT,199.0,0.0,10612.39
2024-08-07,549000028,DEPOSIT,549000028.0,0.0,0.0
2024-08-07,802114,WITHDRAWAL,0.0,802114.0,0.0
2024-08-08,1051002,WITHDRAWAL,0.0,98.0,0.0
2024-08-09,1244100,WITHDRAWAL,0.0,400.0,0.0
2024-08-09,1393646,DEPOSIT,0.0,1393646.0,0.0
2024-08-09,1530865,WITHDRAWAL,0.0,300.0,0.0
2024-08-11,2373004,WITHDRAWAL,0.0,2373004.0,0.0
2024-08-12,1551863,WITHDRAWAL,0.0,20.0,0.0
2024-08-12,2165494,WITHDRAWAL,0.0,180.0,0.0
2024-08-13,1537278,WITHDRAWAL,0.0,220.0,0.0
2024-08-13,2023278,WITHDRAWAL,0.0,220.0,0.0
2024-08-15,950004414,DEPOSIT,0.0,950004414.0,0.0
2024-08-15,308927,WITHDRAWAL,0.0,100.0,0.0
2024-08-15,347145,DEPOSIT,0.0,347145.0,0.0
2024-08-15,503414,WITHDRAWAL,0.0,85.0,0.0
2024-08-15,932267,WITHDRAWAL,0.0,170.0,0.0
2024-08-15,1344952,WITHDRAWAL,0.0,1344952.0,0.0
2024-08-15,1403176,WITHDRAWAL,0.0,130.0,0.0
2024-08-15,1411601,WITHDRAWAL,0.0,40.0,0.0
2024-08-15,2059017,WITHDRAWAL,0.0,2200.0,0.0
2024-08-15,2207730,WITHDRAWAL,0.0,2207730.0,0.0
2024-08-16,819651,WITHDRAWAL,0.0,55.0,0.0
2024-08-16,1948854,WITHDRAWAL,0.0,150.0,0.0
2024-08-17,1160697,WITHDRAWAL,0.0,720.0,0.0
2024-08-18,1383730,WITHDRAWAL,0.0,10000.0,0.0
2024-08-18,1507330,WITHDRAWAL,0.0,130.0,0.0
2024-08-19,907010,WITHDRAWAL,0.0,31.25,0.0
2024-08-20,777410,WITHDRAWAL,0.0,777410.0,3341362165573228.0
2024-08-20,2012611,WITHDRAWAL,0.0,270.0,0.0
2024-08-22,417659,WITHDRAWAL,0.0,417659.0,0.0
2024-08-22,817813,WITHDRAWAL,0.0,817813.0,6813422169413228.0
2024-08-22,2080215,WITHDRAWAL,0.0,370.0,0.0
2024-08-23,1921781,WITHDRAWAL,0.0,139.0,0.0
2024-08-24,1483729,WITHDRAWAL,0.0,295.0,0.0
2024-08-25,1513024,WITHDRAWAL,0.0,160.0,0.0
2024-08-26,848285,WITHDRAWAL,0.0,60.0,0.0
2024-08-27,817042,WITHDRAWAL,0.0,140.0,0.0
2024-08-27,2201432,WITHDRAWAL,0.0,227.5,0.0
2024-08-28,977835,WITHDRAWAL,0.0,46.67,0.0
2024-08-28,2448680,WITHDRAWAL,0.0,200.0,0.0
2024-08-29,2558502,WITHDRAWAL,0.0,250.0,0.0
2024-08-30,2511206,WITHDRAWAL,0.0,155.0,0.0
2024-08-31,950028580,WITHDRAWAL,0.0,950028580.0,0.0
2024-08-31,950065528,WITHDRAWAL,0.0,950065528.0,0.0
2024-08-31,1650056,DEPOSIT,0.0,1650056.0,0.0
2024-08-31,1755302,WITHDRAWAL,0.0,110.0,0.0
2024-08-31,2568244,WITHDRAWAL,0.0,292.0,0.0
2024-08-31,924015761,CREDIT,0.0,924015761.0,0.0
2024-09-01,2171595,DEPOSIT,0.0,2171595.0,0.0
2024-09-01,2296723,WITHDRAWAL,0.0,2296723.0,0.0
2024-09-02,429770,WITHDRAWAL,0.0,105.0,0.0
2024-09-02,437093,WITHDRAWAL,0.0,100.0,0.0
2024-09-02,1381005,WITHDRAWAL,0.0,1381005.0,0.0
2024-09-02,1384921,WITHDRAWAL,0.0,1384921.0,0.0
2024-09-02,2130090,WITHDRAWAL,0.0,2130090.0,0.0
2024-09-02,2321022,WITHDRAWAL,0.0,75.0,0.0
2024-09-03,866199,WITHDRAWAL,0.0,140.0,0.0
2024-09-03,1891513,DEBIT,100.0,0.0,795.7
2024-09-03,2264356,WITHDRAWAL,0.0,65.0,0.0
2024-09-04,952531,WITHDRAWAL,0.0,90.0,0.0
2024-09-05,1812871,WITHDRAWAL,0.0,260.0,0.0
2024-09-06,2039369,WITHDRAWAL,0.0,100.0,0.0
2024-09-06,2323734,WITHDRAWAL,0.0,300.0,0.0
2024-09-06,2450127,WITHDRAWAL,0.0,180.0,0.0
2024-09-07,2133089,WITHDRAWAL,0.0,2133089.0,0.0
2024-09-08,1584064,WITHDRAWAL,0.0,510.0,0.0
2024-09-09,1889376,WITHDRAWAL,0.0,1889376.0,0.0
2024-09-10,1168510,WITHDRAWAL,0.0,240.0,0.0
2024-09-10,1550207,DEPOSIT,0.0,1550207.0,0.0
2024-09-10,1670426,WITHDRAWAL,0.0,10.0,0.0
2024-09-10,1968088,WITHDRAWAL,0.0,2000.0,0.0
2024-09-10,2324301,WITHDRAWAL,0.0,105.0,0.0
2024-09-13,1669135,WITHDRAWAL,0.0,130.0,0.0
2024-09-13,1984166,WITHDRAWAL,0.0,500.0,0.0
2024-09-14,1162962,WITHDRAWAL,0.0,2030.0,0.0
2024-09-14,1170210,DEPOSIT,0.0,1170210.0,0.0
2024-09-14,1323480,WITHDRAWAL,0.0,330.0,0.0
2024-09-14,1376514,WITHDRAWAL,0.0,150.0,0.0
2024-09-14,2038863,WITHDRAWAL,0.0,160.0,0.0
2024-09-14,2203939,WITHDRAWAL,0.0,180.0,0.0
2024-09-15,572039,WITHDRAWAL,0.0,572039.0,0.0
2024-09-16,1195076,WITHDRAWAL,0.0,345.0,0.0
2024-09-16,2089401,WITHDRAWAL,0.0,198.33,0.0
2024-09-16,2103380,WITHDRAWAL,0.0,70.0,0.0
2024-09-17,725735,WITHDRAWAL,0.0,170.0,0.0
2024-09-17,1930613,WITHDRAWAL,0.0,48.33,0.0
2024-09-18,950011028,WITHDRAWAL,0.0,330.0,0.0
2024-09-18,370491,WITHDRAWAL,0.0,135.0,0.0
2024-09-19,434120,WITHDRAWAL,0.0,195.0,0.0
2024-09-20,947486,WITHDRAWAL,0.0,947486.0,2213572162883228.0
2024-09-20,1752629,WITHDRAWAL,0.0,180.0,0.0
2024-09-20,1883259,WITHDRAWAL,0.0,300.0,0.0
2024-09-21,1618761,WITHDRAWAL,0.0,530.0,0.0
2024-09-21,1622088,WITHDRAWAL,0.0,1622088.0,241752164573228.0
2024-09-22,950040689,DEPOSIT,0.0,950040689.0,17823759.0
2024-09-23,358479,DEPOSIT,0.0,358479.0,0.0
2024-09-23,832055,WITHDRAWAL,0.0,832055.0,0.0
2024-09-23,1646548,WITHDRAWAL,0.0,300.0,0.0
2024-09-23,1756199,DEPOSIT,0.0,1756199.0,0.0
2024-09-24,799705,WITHDRAWAL,0.0,799705.0,1201302161223228.0
2024-09-24,2021731,WITHDRAWAL,0.0,170.0,0.0
2024-09-25,1585251,WITHDRAWAL,0.0,380.0,0.0
2024-09-26,422617,WITHDRAWAL,0.0,150.0,0.0
2024-09-26,2170165,WITHDRAWAL,0.0,140.0,0.0
2024-09-27,1044356,WITHDRAWAL,0.0,110.0,0.0
2024-09-27,2293045,WITHDRAWAL,0.0,340.0,0.0
2024-09-27,2284994,WITHDRAWAL,0.0,240.0,0.0
2024-09-28,816485,WITHDRAWAL,0.0,50.0,0.0
2024-09-28,895054,WITHDRAWAL,0.0,130.0,0.0
2024-09-28,885221,WITHDRAWAL,0.0,300.0,0.0
2024-09-28,2429736,WITHDRAWAL,0.0,50.0,0.0
2024-09-29,787171,WITHDRAWAL,0.0,310.0,0.0
2024-09-29,2113325,WITHDRAWAL,0.0,100.0,0.0
2024-09-29,2451340,WITHDRAWAL,0.0,2451340.0,0.0
2024-09-30,938627,WITHDRAWAL,0.0,938627.0,2101362168263228.0
2024-09-30,973989,WITHDRAWAL,0.0,973989.0,3531372166933228.0
2024-09-30,1690292,DEPOSIT,0.0,1690292.0,0.0
2024-09-30,924015373,CREDIT,0.0,924015373.0,0.0
2024-10-01,1190711,WITHDRAWAL,0.0,660.0,0.0
2024-10-01,2385562,WITHDRAWAL,0.0,155.0,0.0
2024-10-01,2703242,WITHDRAWAL,0.0,2703242.0,0.0
2024-07-08,221648,WITHDRAWAL,0.0,20.0,0.0
2024-07-08,607033,WITHDRAWAL,0.0,607033.0,911422121332975.0
2024-07-08,991662,WITHDRAWAL,0.0,69.0,0.0
2024-07-14,264103,WITHDRAWAL,0.0,85.0,0.0
2024-07-09,156929,WITHDRAWAL,0.0,20.0,0.0
2024-07-09,1456274,WITHDRAWAL,0.0,20.0,0.0
2024-07-10,576456,DEBIT,7.0,0.0,0.43
2024-07-10,645199,DEPOSIT,0.0,645199.0,0.0
2024-07-10,685824,WITHDRAWAL,0.0,210.0,0.0
2024-07-10,1266672,WITHDRAWAL,0.0,100.0,0.0
2024-07-10,1328055,WITHDRAWAL,0.0,1328055.0,0.0
2024-07-10,1451833,WITHDRAWAL,0.0,40.0,0.0
2024-07-11,955902,WITHDRAWAL,0.0,50.0,0.0
2024-07-11,1430443,WITHDRAWAL,0.0,100.0,0.0
2024-07-11,1434253,WITHDRAWAL,0.0,50.0,0.0
2024-07-11,2210603,WITHDRAWAL,0.0,40.0,0.0
2024-07-12,125869,DEPOSIT,0.0,125869.0,0.0
2024-07-12,190706,WITHDRAWAL,0.0,190706.0,962942124092975.0
2024-07-12,501612,WITHDRAWAL,0.0,45.0,0.0
2024-07-12,692688,DEPOSIT,0.0,692688.0,1.0
2024-07-12,855059,WITHDRAWAL,0.0,95.0,0.0
2024-07-12,1252573,WITHDRAWAL,0.0,50.0,0.0
2024-07-12,1270273,WITHDRAWAL,0.0,45.0,0.0
2024-07-12,1589190,DEPOSIT,0.0,1589190.0,0.0
2024-07-12,1875698,WITHDRAWAL,0.0,105.0,0.0
2024-07-12,2094090,DEPOSIT,0.0,2094090.0,0.0
2024-07-13,914598,WITHDRAWAL,0.0,55.0,0.0
2024-07-13,1723372,WITHDRAWAL,0.0,25.0,0.0
2024-07-13,1741229,WITHDRAWAL,0.0,130.0,0.0
2024-07-14,253520,WITHDRAWAL,0.0,20.0,0.0
2024-07-30,2421541,DEPOSIT,0.0,2421541.0,0.0
2024-07-30,2462207,DEPOSIT,0.0,2462207.0,0.0
2024-07-30,2547484,DEPOSIT,0.0,2547484.0,0.0
2024-07-30,2566981,DEPOSIT,0.0,2566981.0,0.0
2024-07-30,2586478,DEPOSIT,0.0,2586478.0,0.0
2024-07-30,2634209,DEPOSIT,0.0,2634209.0,0.0
2024-07-30,2790196,DEPOSIT,0.0,2790196.0,0.0
2024-07-30,2857356,DEPOSIT,0.0,2857356.0,0.0
2024-07-30,2888329,DEPOSIT,0.0,2888329.0,0.0
2024-07-30,2896229,DEPOSIT,0.0,2896229.0,0.0
2024-07-30,2907212,DEPOSIT,0.0,2907212.0,0.0
2024-07-14,270008,WITHDRAWAL,0.0,170.0,0.0
2024-07-14,544031,WITHDRAWAL,0.0,40.0,0.0
2024-07-14,559477,WITHDRAWAL,0.0,30.0,0.0
2024-07-14,1031444,WITHDRAWAL,0.0,111.0,0.0
2024-07-14,1044577,WITHDRAWAL,0.0,1044577.0,141562123132975.0
2024-07-14,1136263,WITHDRAWAL,0.0,1136263.0,0.0
2024-07-14,1422628,WITHDRAWAL,0.0,50.0,0.0
2024-07-14,1564883,WITHDRAWAL,0.0,75.0,0.0
2024-07-14,1705237,WITHDRAWAL,0.0,20.0,0.0
2024-07-14,1882319,WITHDRAWAL,0.0,260.0,0.0
2024-07-15,107291,WITHDRAWAL,0.0,95.0,0.0
2024-07-15,1222406,WITHDRAWAL,0.0,44.0,0.0
2024-07-15,2002893,WITHDRAWAL,0.0,50.0,0.0
2024-07-15,2093718,WITHDRAWAL,0.0,950.0,0.0
2024-07-15,2198759,WITHDRAWAL,0.0,20.0,0.0
2024-07-16,284549,WITHDRAWAL,0.0,190.0,0.0
2024-07-16,738297,WITHDRAWAL,0.0,120.0,0.0
2024-07-16,1953206,WITHDRAWAL,0.0,80.0,0.0
2024-07-17,1126178,WITHDRAWAL,0.0,60.0,0.0
2024-07-17,1541224,WITHDRAWAL,0.0,150.0,0.0
2024-07-17,1536959,WITHDRAWAL,0.0,35.0,0.0
2024-07-17,1583829,WITHDRAWAL,0.0,135.0,0.0
2024-07-17,1752686,WITHDRAWAL,0.0,100.0,0.0
2024-07-19,1893102,WITHDRAWAL,0.0,150.0,0.0
2024-07-19,2198595,WITHDRAWAL,0.0,201.0,0.0
2024-07-19,2241140,WITHDRAWAL,0.0,205.0,0.0
2024-07-19,2277712,WITHDRAWAL,0.0,120.0,0.0
2024-07-20,992352,WITHDRAWAL,0.0,785.0,0.0
2024-07-21,964370,WITHDRAWAL,0.0,964370.0,691562123872975.0
2024-07-21,1369329,WITHDRAWAL,0.0,100.0,0.0
2024-07-21,1387614,WITHDRAWAL,0.0,310.0,0.0
2024-07-21,1408162,WITHDRAWAL,0.0,75.0,0.0
2024-07-21,1436131,WITHDRAWAL,0.0,100.0,0.0
2024-07-21,1632185,WITHDRAWAL,0.0,10.0,0.0
2024-07-21,1950080,WITHDRAWAL,0.0,194.0,0.0
2024-07-21,2027187,WITHDRAWAL,0.0,100.0,0.0
2024-07-22,1246589,DEPOSIT,0.0,1246589.0,0.0
2024-07-23,1059230,WITHDRAWAL,0.0,50.0,0.0
2024-07-23,1070967,WITHDRAWAL,0.0,125.0,0.0
2024-07-23,1627856,WITHDRAWAL,0.0,167.0,0.0
2024-07-23,1826237,WITHDRAWAL,0.0,373.0,0.0
2024-07-23,1840441,DEPOSIT,0.0,1840441.0,0.0
2024-07-23,1839819,WITHDRAWAL,0.0,220.0,0.0
2024-07-23,1902745,WITHDRAWAL,0.0,100.0,0.0
2024-07-24,521523,WITHDRAWAL,0.0,150.0,0.0
2024-07-25,997312,WITHDRAWAL,0.0,997312.0,0.0
2024-07-30,1138453,DEPOSIT,0.0,1138453.0,0.0
2024-07-30,1212275,WITHDRAWAL,0.0,70.0,0.0
2024-07-30,2043292,DEPOSIT,0.0,2043292.0,0.0
2024-07-30,2045827,DEPOSIT,0.0,2045827.0,0.0
2024-07-30,2052485,DEPOSIT,0.0,2052485.0,0.0
2024-07-30,2060123,DEPOSIT,0.0,2060123.0,0.0
2024-07-30,2060372,DEPOSIT,0.0,2060372.0,0.0
2024-07-30,2054091,DEPOSIT,0.0,2054091.0,0.0
2024-07-30,2069281,DEPOSIT,0.0,2069281.0,0.0
2024-07-30,2077849,DEPOSIT,0.0,2077849.0,0.0
2024-07-30,2078027,DEPOSIT,0.0,2078027.0,0.0
2024-07-30,2085168,DEPOSIT,0.0,2085168.0,0.0
2024-07-30,2232872,DEPOSIT,0.0,2232872.0,0.0
2024-07-30,2243407,DEPOSIT,0.0,2243407.0,0.0
2024-07-30,2295155,DEPOSIT,0.0,2295155.0,0.0
2024-07-30,2323904,DEPOSIT,0.0,2323904.0,0.0
2024-07-30,2341537,DEPOSIT,0.0,2341537.0,0.0
2024-07-30,2411724,DEPOSIT,0.0,2411724.0,0.0
2024-07-30,2898830,DEPOSIT,0.0,2898830.0,0.0
2024-07-30,2945817,DEPOSIT,0.0,2945817.0,0.0
2024-07-30,2970276,DEPOSIT,0.0,2970276.0,0.0
2024-07-31,626346,DEPOSIT,0.0,626346.0,0.0
2024-07-31,874950,DEPOSIT,0.0,874950.0,0.0
2024-07-31,1385315,WITHDRAWAL,0.0,1610.0,0.0
2024-07-31,1387932,WITHDRAWAL,0.0,130.0,0.0
2024-07-31,2605865,DEPOSIT,0.0,2605865.0,0.0
2024-07-31,2764988,WITHDRAWAL,0.0,2764988.0,0.0
2024-07-31,921028190,CREDIT,0.0,921028190.0,0.0
2024-08-01,267153,WITHDRAWAL,0.0,850.0,0.0
2024-08-01,465341,DEPOSIT,0.0,465341.0,0.0
2024-08-01,1836021,DEPOSIT,0.0,1836021.0,0.0
2024-08-01,2411916,DEPOSIT,0.0,2411916.0,0.0
2024-08-01,2496799,DEPOSIT,0.0,2496799.0,0.0
2024-08-01,2781691,WITHDRAWAL,0.0,56.0,0.0
2024-08-02,62392,DEPOSIT,0.0,62392.0,0.0
2024-08-02,1973301,DEPOSIT,0.0,1973301.0,0.0
2024-08-02,2008057,WITHDRAWAL,0.0,1000.0,0.0
2024-08-03,1006584,DEPOSIT,0.0,1006584.0,0.0
2024-08-03,1065277,WITHDRAWAL,0.0,2100.0,0.0
2024-08-03,1100771,WITHDRAWAL,0.0,330.0,0.0
2024-08-03,1138804,WITHDRAWAL,0.0,3010.0,0.0
2024-08-03,1191007,WITHDRAWAL,0.0,2610.0,0.0
2024-08-03,1203509,WITHDRAWAL,0.0,2640.0,0.0
2024-08-03,1227226,WITHDRAWAL,0.0,560.0,0.0
2024-08-03,1254049,WITHDRAWAL,0.0,1740.0,0.0
2024-08-03,1347408,DEBIT,50.0,0.0,4500.63
2024-08-03,1888174,WITHDRAWAL,0.0,640.0,0.0
2024-08-03,2330121,DEPOSIT,0.0,2330121.0,0.0
2024-08-04,1378282,WITHDRAWAL,0.0,1378282.0,0.0
2024-08-05,2441041,WITHDRAWAL,0.0,2441041.0,0.0
2024-08-06,671256,WITHDRAWAL,0.0,945.0,0.0
2024-08-06,1766265,DEPOSIT,0.0,1766265.0,0.0
2024-08-06,1996738,WITHDRAWAL,0.0,1996738.0,0.0
2024-08-07,554161,DEPOSIT,0.0,554161.0,0.0
2024-08-08,318364,WITHDRAWAL,0.0,100.0,0.0
2024-08-08,2205201,WITHDRAWAL,0.0,2205201.0,0.0
2024-08-09,2349610,WITHDRAWAL,0.0,75.0,0.0
2024-08-09,2442991,WITHDRAWAL,0.0,100.0,0.0
2024-08-09,2525087,WITHDRAWAL,0.0,1000.0,0.0
2024-08-10,1999109,WITHDRAWAL,0.0,55.0,0.0
2024-08-13,1234651,WITHDRAWAL,0.0,245.0,0.0
2024-08-14,419530,DEPOSIT,0.0,419530.0,0.0
2024-08-14,1799698,WITHDRAWAL,0.0,1799698.0,0.0
2024-08-14,1932434,WITHDRAWAL,0.0,100.0,0.0
2024-08-15,2024953,WITHDRAWAL,0.0,80.0,0.0
2024-08-15,2025312,WITHDRAWAL,0.0,10.0,0.0
2024-08-16,891887,WITHDRAWAL,0.0,201.0,0.0
2024-08-17,975476,WITHDRAWAL,0.0,90.0,0.0
2024-08-17,2171307,WITHDRAWAL,0.0,325.0,0.0
2024-08-18,1332391,WITHDRAWAL,0.0,280.0,0.0
2024-08-18,1603400,WITHDRAWAL,0.0,130.0,0.0
2024-08-18,1702743,WITHDRAWAL,0.0,100.0,0.0
2024-08-18,2307327,WITHDRAWAL,0.0,1165.0,0.0
2024-08-18,2307856,DEBIT,50.0,0.0,528.63
2024-08-18,2308354,DEBIT,10.0,0.0,518.63
2024-08-19,906778,WITHDRAWAL,0.0,32.0,0.0
2024-08-19,2348285,WITHDRAWAL,0.0,2348285.0,0.0
2024-08-20,823207,WITHDRAWAL,0.0,823207.0,0.0
2024-08-20,1176849,DEPOSIT,0.0,1176849.0,0.0
2024-08-22,2104421,DEPOSIT,0.0,2104421.0,0.0
2024-08-22,2181728,WITHDRAWAL,0.0,2181728.0,0.0
2024-08-23,181284,WITHDRAWAL,0.0,181284.0,0.0
2024-08-23,1249018,WITHDRAWAL,0.0,1249018.0,0.0
2024-08-23,1403099,DEBIT,99.0,0.0,360.63
2024-08-23,1416807,CREDIT,1416807.0,0.0,0.0
2024-08-23,1417241,DEBIT,99.0,0.0,360.63
2024-08-23,1417249,CREDIT,1417249.0,0.0,0.0
2024-08-23,1419111,DEBIT,99.0,0.0,360.63
2024-08-23,1419124,CREDIT,1419124.0,0.0,0.0
2024-08-23,1422638,DEBIT,99.0,0.0,360.63
2024-08-23,1751046,DEBIT,50.0,0.0,310.63
2024-08-23,1986024,WITHDRAWAL,0.0,150.0,0.0
2024-08-24,955813,DEPOSIT,0.0,955813.0,0.0
2024-08-24,998390,WITHDRAWAL,0.0,40.0,0.0
2024-08-24,1194968,DEPOSIT,0.0,1194968.0,0.0
2024-08-24,1229675,WITHDRAWAL,0.0,6000.0,0.0
2024-08-24,1402372,WITHDRAWAL,0.0,90.0,0.0
2024-08-24,1529235,DEPOSIT,0.0,1529235.0,0.0
2024-08-24,1517824,WITHDRAWAL,0.0,1000.0,0.0
2024-08-24,1556978,DEPOSIT,0.0,1556978.0,0.0
2024-08-24,1635692,WITHDRAWAL,0.0,370.0,0.0
2024-08-24,1868096,WITHDRAWAL,0.0,150.0,0.0
2024-08-28,520024,WITHDRAWAL,0.0,65.0,0.0
2024-08-28,2551069,WITHDRAWAL,0.0,105.0,0.0
2024-08-30,1778634,WITHDRAWAL,0.0,1778634.0,0.0
2024-08-31,1452501,DEPOSIT,0.0,1452501.0,0.0
2024-08-31,921027212,CREDIT,0.0,921027212.0,0.0
2024-09-01,71302,DEBIT,49.0,0.0,998.82
2024-09-01,888069,WITHDRAWAL,0.0,265.0,0.0
2024-09-01,2187115,WITHDRAWAL,0.0,2187115.0,0.0
2024-09-01,2468955,DEPOSIT,0.0,2468955.0,0.0
2024-09-01,2533421,WITHDRAWAL,0.0,2533421.0,772112123352975.0
2024-09-02,436937,WITHDRAWAL,0.0,80.0,0.0
2024-09-02,2353706,WITHDRAWAL,0.0,2353706.0,0.0
2024-09-03,1471557,WITHDRAWAL,0.0,80.0,0.0
2024-09-03,2305008,WITHDRAWAL,0.0,108.0,0.0
2024-09-03,2321030,WITHDRAWAL,0.0,140.0,0.0
2024-09-06,2635668,DEPOSIT,0.0,2635668.0,0.0
2024-09-07,13745,WITHDRAWAL,0.0,13745.0,0.0
2024-09-07,70545,DEBIT,199.0,0.0,249.82
2024-09-07,1113217,DEPOSIT,0.0,1113217.0,0.0
2024-09-07,2217785,WITHDRAWAL,0.0,25.0,0.0
2024-09-07,2296037,WITHDRAWAL,0.0,100.0,0.0
2024-09-08,848144,WITHDRAWAL,0.0,20.0,0.0
2024-09-08,924725,WITHDRAWAL,0.0,155.0,0.0
2024-09-08,2448397,DEBIT,99.0,0.0,350.82
2024-09-09,789250,DEPOSIT,0.0,789250.0,0.0
2024-09-09,797451,WITHDRAWAL,0.0,20.0,0.0
2024-09-09,1009817,DEPOSIT,0.0,1009817.0,0.0
2024-09-09,1023682,WITHDRAWAL,0.0,160.0,0.0
2024-09-09,1161910,WITHDRAWAL,0.0,100.0,0.0
2024-09-11,984990,WITHDRAWAL,0.0,984990.0,0.0
2024-09-11,1300114,WITHDRAWAL,0.0,75.0,0.0
2024-09-12,1075712,WITHDRAWAL,0.0,300.0,0.0
2024-09-12,1386134,WITHDRAWAL,0.0,150.0,0.0
2024-09-12,1982209,WITHDRAWAL,0.0,20.0,0.0
2024-09-12,2211733,WITHDRAWAL,0.0,85.0,0.0
2024-09-12,2214425,WITHDRAWAL,0.0,30.0,0.0
2024-09-13,950000081,DEBIT,199.0,0.0,1091.82
2024-09-13,781233,WITHDRAWAL,0.0,15.0,0.0
2024-09-13,2412769,WITHDRAWAL,0.0,50.0,0.0
2024-09-13,2427092,WITHDRAWAL,0.0,170.0,0.0
2024-09-14,810188,WITHDRAWAL,0.0,120.0,0.0
2024-09-14,1505777,WITHDRAWAL,0.0,40.0,0.0
2024-09-14,1516621,WITHDRAWAL,0.0,200.0,0.0
2024-09-14,1747584,WITHDRAWAL,0.0,400.0,0.0
2024-09-16,668238,WITHDRAWAL,0.0,96.0,0.0
2024-09-18,1920040,WITHDRAWAL,0.0,50.0,0.0
2024-09-19,93664,WITHDRAWAL,0.0,93664.0,0.0
2024-09-20,1254445,CHEQUE,0.0,1254445.0,0.0
2024-09-20,1927247,DEPOSIT,0.0,1927247.0,0.0
2024-09-20,2010600,WITHDRAWAL,0.0,150.0,0.0
2024-09-20,2506935,WITHDRAWAL,0.0,165.0,0.0
2024-09-20,2605099,WITHDRAWAL,0.0,2605099.0,0.0
2024-09-21,10187,WITHDRAWAL,0.0,10187.0,3052402122382975.0
2024-09-21,1599573,WITHDRAWAL,0.0,335.0,0.0
2024-09-22,876412,WITHDRAWAL,0.0,100.0,0.0
2024-09-22,1736264,WITHDRAWAL,0.0,300.0,0.0
2024-09-22,1898681,WITHDRAWAL,0.0,265.0,0.0
2024-09-22,2760407,WITHDRAWAL,0.0,170.0,0.0
2024-09-22,2887702,DEBIT,199.0,0.0,19816.82
2024-09-23,1636763,WITHDRAWAL,0.0,180.0,0.0
2024-09-23,1676325,WITHDRAWAL,0.0,50.0,0.0
2024-09-24,271985,WITHDRAWAL,0.0,15.0,0.0
2024-09-24,382019,WITHDRAWAL,0.0,150.0,0.0
2024-09-24,2056976,WITHDRAWAL,0.0,145.0,0.0
2024-09-25,878099,WITHDRAWAL,0.0,200.0,0.0
2024-09-25,2256942,WITHDRAWAL,0.0,2256942.0,0.0
2024-09-26,414492,WITHDRAWAL,0.0,70.0,0.0
2024-09-27,2417038,DEPOSIT,0.0,2417038.0,0.0
2024-09-27,2434190,DEPOSIT,0.0,2434190.0,0.0
2024-09-28,1590925,DEBIT,49.0,0.0,2233.82
2024-09-28,1687471,WITHDRAWAL,0.0,200.0,0.0
2024-09-28,2220119,WITHDRAWAL,0.0,250.0,0.0
2024-09-28,2433200,WITHDRAWAL,0.0,160.0,0.0
2024-09-29,950036225,WITHDRAWAL,0.0,950.0,0.0
2024-09-29,1459599,WITHDRAWAL,0.0,230.0,0.0
2024-09-29,1473698,WITHDRAWAL,0.0,357.0,0.0
2024-09-30,921009438,CREDIT,0.0,921009438.0,0.0
2024-10-01,942338,DEPOSIT,0.0,942338.0,0.0
2024-10-01,949673,DEPOSIT,0.0,949673.0,0.0
2024-10-01,955817,WITHDRAWAL,0.0,955817.0,0.0
2024-10-01,2216100,DEPOSIT,0.0,2216100.0,0.0
2024-10-03,982177,WITHDRAWAL,0.0,138.0,0.0
2024-10-04,1006263,WITHDRAWAL,0.0,110.0,0.0
2024-10-04,1911691,WITHDRAWAL,0.0,1911691.0,0.0
2024-10-04,2243582,WITHDRAWAL,0.0,50.0,0.0
2024-10-04,2540853,WITHDRAWAL,0.0,60.0,0.0
2024-10-04,2562672,WITHDRAWAL,0.0,2562672.0,0.0
2024-10-05,1361443,DEBIT,20.0,0.0,373.19
2024-10-05,1605943,WITHDRAWAL,0.0,230.0,0.0
2024-10-05,2005447,DEPOSIT,0.0,2005447.0,0.0
2024-10-05,2006695,DEPOSIT,0.0,2006695.0,0.0
2024-10-05,2034107,DEPOSIT,0.0,2034107.0,0.0
2024-10-05,2036279,WITHDRAWAL,0.0,2036279.0,0.0
2024-07-01,263979,WITHDRAWAL,0.0,263979.0,0.0
2024-07-01,286823,DEBIT,10.0,0.0,5121.99
2024-07-01,533722,DEBIT,99.0,0.0,5022.99
2024-07-01,1448701,WITHDRAWAL,0.0,30.0,0.0
2024-07-01,1617937,DEBIT,10.0,0.0,4982.99
2024-07-02,622687,DEBIT,39.0,0.0,4943.99
2024-07-02,861712,DEBIT,40.0,0.0,4903.99
2024-07-02,1825261,WITHDRAWAL,0.0,35.0,0.0
2024-07-02,1990481,WITHDRAWAL,0.0,10.0,0.0
2024-07-02,2414419,WITHDRAWAL,0.0,1430.0,0.0
2024-07-02,2432300,WITHDRAWAL,0.0,130.0,0.0
2024-07-02,2482691,WITHDRAWAL,0.0,2482691.0,842172163912987.0
2024-07-02,2492393,WITHDRAWAL,0.0,405.0,0.0
2024-07-02,2493360,WITHDRAWAL,0.0,175.0,0.0
2024-07-02,2500445,WITHDRAWAL,0.0,200.0,0.0
2024-07-03,664376,DEPOSIT,0.0,664376.0,0.0
2024-07-03,685984,DEPOSIT,0.0,685984.0,0.0
2024-07-03,686266,DEPOSIT,0.0,686266.0,0.0
2024-07-03,688233,DEPOSIT,0.0,688233.0,0.0
2024-07-03,688928,WITHDRAWAL,0.0,688928.0,0.0
2024-07-03,692249,WITHDRAWAL,0.0,2315.0,0.0
2024-07-03,693207,WITHDRAWAL,0.0,100.0,0.0
2024-07-03,694699,WITHDRAWAL,0.0,200.0,0.0
2024-07-03,1304111,WITHDRAWAL,0.0,1304111.0,0.0
2024-07-04,225985,DEBIT,49.0,0.0,448.99
2024-07-04,1575524,WITHDRAWAL,0.0,20.0,0.0
2024-07-04,1591679,DEPOSIT,0.0,1591679.0,0.0
2024-07-04,1604656,WITHDRAWAL,0.0,50.0,0.0
2024-07-04,1786614,WITHDRAWAL,0.0,400.0,0.0
2024-07-04,2389490,WITHDRAWAL,0.0,2389490.0,0.0
2024-07-04,2400502,DEPOSIT,0.0,2400502.0,0.0
2024-07-04,2390592,DEPOSIT,0.0,2390592.0,0.0
2024-07-05,218988,WITHDRAWAL,0.0,218988.0,180982162022987.0
2024-07-05,798312,WITHDRAWAL,0.0,798312.0,0.0
2024-07-05,935222,WITHDRAWAL,0.0,225.0,0.0
2024-07-05,960176,DEPOSIT,0.0,960176.0,0.0
2024-07-05,2111649,WITHDRAWAL,0.0,70.0,0.0
2024-07-05,2153092,DEPOSIT,0.0,2153092.0,0.0
2024-07-05,2153290,DEPOSIT,0.0,2153290.0,0.0
2024-07-05,2283198,DEBIT,15.0,0.0,767.99
2024-07-05,2321223,WITHDRAWAL,0.0,210.0,0.0
2024-07-05,2330833,DEBIT,99.0,0.0,458.99
2024-07-05,2394491,WITHDRAWAL,0.0,100.0,0.0
2024-07-06,106480,WITHDRAWAL,0.0,150.0,0.0
2024-07-06,173525,WITHDRAWAL,0.0,150.0,0.0
2024-07-06,1238846,DEBIT,10.0,0.0,48.99
2024-07-06,1299545,DEPOSIT,0.0,1299545.0,0.0
2024-07-06,1310577,WITHDRAWAL,0.0,70.0,0.0
2024-07-08,417297,DEPOSIT,0.0,417297.0,0.0
2024-07-09,136757,WITHDRAWAL,0.0,136757.0,0.0
2024-07-09,1377275,DEBIT,10.0,0.0,9716.99
2024-07-09,2569672,WITHDRAWAL,0.0,2569672.0,0.0
2024-07-10,134051,WITHDRAWAL,0.0,134051.0,0.0
2024-07-10,134348,WITHDRAWAL,0.0,134348.0,0.0
2024-07-10,534028,DEBIT,100.0,0.0,6811.99
2024-07-10,1926513,DEBIT,99.0,0.0,6712.99
2024-07-10,2150116,DEBIT,99.0,0.0,6613.99
2024-07-11,397264,DEBIT,199.0,0.0,6414.99
2024-07-11,397961,DEBIT,10.0,0.0,6404.99
2024-07-11,1108021,DEBIT,49.0,0.0,6355.99
2024-07-11,2282875,WITHDRAWAL,0.0,75.0,0.0
2024-07-12,112693,WITHDRAWAL,0.0,112693.0,0.0
2024-07-12,115716,WITHDRAWAL,0.0,50.0,0.0
2024-07-12,116704,WITHDRAWAL,0.0,155.0,0.0
2024-07-12,329715,DEBIT,99.0,0.0,3976.99
2024-07-12,716417,WITHDRAWAL,0.0,100.0,0.0
2024-07-12,1243031,DEBIT,20.0,0.0,3856.99
2024-07-12,1562387,WITHDRAWAL,0.0,150.0,0.0
2024-07-12,1842263,WITHDRAWAL,0.0,380.0,0.0
2024-07-12,2201325,WITHDRAWAL,0.0,200.0,0.0
2024-07-12,2216103,WITHDRAWAL,0.0,220.0,0.0
2024-07-13,209504,WITHDRAWAL,0.0,30.0,0.0
2024-07-13,605947,WITHDRAWAL,0.0,230.0,0.0
2024-07-13,610543,WITHDRAWAL,0.0,200.0,0.0
2024-07-13,737880,WITHDRAWAL,0.0,150.0,0.0
2024-07-13,1462339,WITHDRAWAL,0.0,1462339.0,0.0
2024-07-13,1490226,WITHDRAWAL,0.0,140.0,0.0
2024-07-15,172623,WITHDRAWAL,0.0,180.0,0.0
2024-07-15,189259,DEBIT,15.0,0.0,1241.99
2024-07-15,350882,DEBIT,199.0,0.0,1042.99
2024-07-15,533979,WITHDRAWAL,0.0,50.0,0.0
2024-07-15,2150629,WITHDRAWAL,0.0,30.0,0.0
2024-07-15,2389525,WITHDRAWAL,0.0,300.0,0.0
2024-07-16,909491,WITHDRAWAL,0.0,909491.0,0.0
2024-07-16,941966,WITHDRAWAL,0.0,941966.0,0.0
2024-07-16,1975299,WITHDRAWAL,0.0,1975299.0,0.0
2024-07-16,2170197,DEPOSIT,0.0,2170197.0,0.0
2024-07-16,2321055,DEBIT,10.0,0.0,402.99
2024-07-17,950001069,DEBIT,99.0,0.0,303.99
2024-07-17,950004246,DEBIT,99.0,0.0,204.99
2024-07-17,1112224,WITHDRAWAL,0.0,1112224.0,215362169452987.0
2024-07-17,1848289,DEBIT,10.0,0.0,144.99
2024-07-17,1919367,DEPOSIT,0.0,1919367.0,0.0
2024-07-17,1962462,WITHDRAWAL,0.0,1962462.0,0.0
2024-07-18,642767,DEPOSIT,0.0,642767.0,0.0
2024-07-18,676132,WITHDRAWAL,0.0,160.0,0.0
2024-07-18,1374265,WITHDRAWAL,0.0,180.0,0.0
2024-07-18,1419308,WITHDRAWAL,0.0,730.0,0.0
2024-07-18,1453295,WITHDRAWAL,0.0,1453295.0,0.0
2024-07-18,1469511,WITHDRAWAL,0.0,3918.0,0.0
2024-07-18,1556649,WITHDRAWAL,0.0,400.0,0.0
2024-07-18,1666313,DEBIT,10.0,0.0,1458.99
2024-07-18,1671397,DEBIT,10.0,0.0,1448.99
2024-07-18,1667244,DEBIT,10.0,0.0,1438.99
2024-07-18,1703598,DEBIT,20.0,0.0,1418.99
2024-07-18,1874882,DEPOSIT,0.0,1874882.0,0.0
2024-07-18,1879739,WITHDRAWAL,0.0,1879739.0,0.0
2024-07-18,1881078,DEPOSIT,0.0,1881078.0,0.0
2024-07-18,2153354,DEPOSIT,0.0,2153354.0,0.0
2024-07-18,2157254,WITHDRAWAL,0.0,2157254.0,0.0
2024-07-18,2190884,WITHDRAWAL,0.0,2190884.0,0.0
2024-07-19,137327,WITHDRAWAL,0.0,500.0,0.0
2024-07-19,278778,DEBIT,99.0,0.0,298.99
2024-07-19,567717,WITHDRAWAL,0.0,567717.0,361272169482987.0
2024-07-19,568164,WITHDRAWAL,0.0,50.0,0.0
2024-07-19,1411160,DEBIT,20.0,0.0,10523.99
2024-07-19,1506877,DEPOSIT,0.0,1506877.0,0.0
2024-07-19,1507077,DEPOSIT,0.0,1507077.0,0.0
2024-07-19,1507831,DEPOSIT,0.0,1507831.0,0.0
2024-07-19,1508394,DEPOSIT,0.0,1508394.0,0.0
2024-07-19,1528213,DEBIT,99.0,0.0,11919.99
2024-07-19,1528961,DEBIT,99.0,0.0,11820.99
2024-07-19,1589146,WITHDRAWAL,0.0,125.0,0.0
2024-07-19,1645476,WITHDRAWAL,0.0,110.0,0.0
2024-07-20,79680,WITHDRAWAL,0.0,79680.0,9106492160192988.0
2024-07-20,82503,DEBIT,199.0,0.0,11356.99
2024-07-20,268808,WITHDRAWAL,0.0,268808.0,0.0
2024-07-20,1402637,WITHDRAWAL,0.0,1402637.0,0.0
2024-07-20,1415692,WITHDRAWAL,0.0,5916.0,0.0
2024-07-20,1445093,WITHDRAWAL,0.0,5000.0,0.0
2024-07-20,1446327,WITHDRAWAL,0.0,500.0,0.0
2024-07-20,1515599,WITHDRAWAL,0.0,90.0,0.0
2024-07-20,1779492,DEBIT,15.0,0.0,1285.99
2024-07-20,1958643,DEBIT,20.0,0.0,1265.99
2024-07-20,2017565,WITHDRAWAL,0.0,100.0,0.0
2024-07-20,2003341,DEBIT,99.0,0.0,1066.99
2024-07-20,2003710,DEBIT,99.0,0.0,967.99
2024-07-21,274579,WITHDRAWAL,0.0,274579.0,0.0
2024-07-21,482334,WITHDRAWAL,0.0,60.0,0.0
2024-07-21,563943,WITHDRAWAL,0.0,250.0,0.0
2024-07-21,569594,WITHDRAWAL,0.0,50.0,0.0
2024-07-21,604723,WITHDRAWAL,0.0,50.0,0.0
2024-07-21,661751,WITHDRAWAL,0.0,40.0,0.0
2024-07-21,673516,WITHDRAWAL,0.0,50.0,0.0
2024-07-21,888700,DEPOSIT,0.0,888700.0,0.0
2024-07-21,889289,WITHDRAWAL,0.0,600.0,0.0
2024-07-21,1499619,WITHDRAWAL,0.0,100.0,0.0
2024-07-21,1521586,WITHDRAWAL,0.0,200.0,0.0
2024-07-21,1916525,DEBIT,20.0,0.0,4502.99
2024-07-21,1959480,DEBIT,29.0,0.0,4473.99
2024-07-21,1988286,WITHDRAWAL,0.0,100.0,0.0
2024-07-22,72040,WITHDRAWAL,0.0,505.0,0.0
2024-07-22,256057,WITHDRAWAL,0.0,256057.0,0.0
2024-07-22,658898,WITHDRAWAL,0.0,50.0,0.0
2024-07-22,670021,WITHDRAWAL,0.0,30.0,0.0
2024-07-22,867758,WITHDRAWAL,0.0,803.0,0.0
2024-07-22,1034430,WITHDRAWAL,0.0,1034430.0,0.0
2024-07-22,1047903,WITHDRAWAL,0.0,80.0,0.0
2024-07-22,1256727,WITHDRAWAL,0.0,200.0,0.0
2024-07-22,1272856,WITHDRAWAL,0.0,50.0,0.0
2024-07-22,2198205,DEBIT,10.0,0.0,2625.99
2024-07-23,526703,DEBIT,20.0,0.0,2605.99
2024-07-23,615291,WITHDRAWAL,0.0,100.0,0.0
2024-07-23,656758,WITHDRAWAL,0.0,150.0,0.0
2024-07-23,730004,WITHDRAWAL,0.0,125.0,0.0
2024-07-23,757688,WITHDRAWAL,0.0,70.0,0.0
2024-07-23,797457,WITHDRAWAL,0.0,318.0,0.0
2024-07-23,836631,WITHDRAWAL,0.0,10.0,0.0
2024-07-23,900075,WITHDRAWAL,0.0,250.0,0.0
2024-07-23,918253,WITHDRAWAL,0.0,200.0,0.0
2024-07-23,946236,WITHDRAWAL,0.0,10.0,0.0
2024-07-23,990884,WITHDRAWAL,0.0,650.0,0.0
2024-07-23,1256705,DEBIT,29.0,0.0,693.99
2024-07-23,1257495,DEPOSIT,0.0,1257495.0,0.0
2024-07-23,1258006,DEPOSIT,0.0,1258006.0,0.0
2024-07-23,1278674,WITHDRAWAL,0.0,8800.0,0.0
2024-07-23,1293638,DEBIT,20.0,0.0,873.99
2024-07-23,1347117,WITHDRAWAL,0.0,50.0,0.0
2024-07-23,1528055,DEPOSIT,0.0,1528055.0,5.0
2024-07-23,1680769,WITHDRAWAL,0.0,3415.0,0.0
2024-07-23,1681548,WITHDRAWAL,0.0,300.0,0.0
2024-07-23,1707707,WITHDRAWAL,0.0,150.0,0.0
2024-07-23,1729789,WITHDRAWAL,0.0,1729789.0,0.0
2024-07-24,748918,WITHDRAWAL,0.0,388.0,0.0
2024-07-24,751315,WITHDRAWAL,0.0,751315.0,913282161762987.0
2024-07-24,807152,WITHDRAWAL,0.0,260.0,0.0
2024-07-24,808098,WITHDRAWAL,0.0,10.0,0.0
2024-07-24,835860,WITHDRAWAL,0.0,100.0,0.0
2024-07-24,960341,WITHDRAWAL,0.0,30.0,0.0
2024-07-24,958578,WITHDRAWAL,0.0,10.0,0.0
2024-07-24,1151477,WITHDRAWAL,0.0,30.0,0.0
2024-07-24,1185904,DEPOSIT,0.0,1185904.0,0.0
2024-07-24,1186074,DEPOSIT,0.0,1186074.0,0.0
2024-07-24,1294799,WITHDRAWAL,0.0,100.0,0.0
2024-07-24,2024421,WITHDRAWAL,0.0,755.0,0.0
2024-07-25,644637,DEBIT,20.0,0.0,305.99
2024-07-25,1261390,WITHDRAWAL,0.0,250.0,0.0
2024-07-25,1857522,DEBIT,19.0,0.0,36.99
2024-07-25,1937155,DEPOSIT,0.0,1937155.0,0.0
2024-07-25,1938747,WITHDRAWAL,0.0,1938747.0,0.0
2024-07-26,3338,DEPOSIT,0.0,3338.0,0.0
2024-07-26,4629,WITHDRAWAL,0.0,500.0,0.0
2024-07-26,4726,WITHDRAWAL,0.0,300.0,0.0
2024-07-26,4817,WITHDRAWAL,0.0,200.0,0.0
2024-07-26,912469,DEBIT,99.0,0.0,287.99
2024-07-26,1459064,WITHDRAWAL,0.0,60.0,0.0
2024-07-26,2034792,WITHDRAWAL,0.0,290.0,0.0
2024-07-26,2147327,WITHDRAWAL,0.0,2147327.0,0.0
2024-07-26,2149830,DEPOSIT,0.0,2149830.0,0.0
2024-07-26,2163014,DEPOSIT,0.0,2163014.0,0.0
2024-07-26,2180567,DEPOSIT,0.0,2180567.0,0.0
2024-07-26,2200380,DEPOSIT,0.0,2200380.0,0.0
2024-07-26,2191873,WITHDRAWAL,0.0,2191873.0,0.0
2024-07-26,2196238,WITHDRAWAL,0.0,157.0,0.0
2024-07-27,804240,WITHDRAWAL,0.0,804240.0,0.0
2024-07-28,1690183,WITHDRAWAL,0.0,90.0,0.0
2024-07-29,341155,DEPOSIT,0.0,341155.0,0.0
2024-07-29,598068,DEBIT,19.0,0.0,2111.99
2024-07-29,598821,DEBIT,15.0,0.0,2096.99
2024-07-29,679015,WITHDRAWAL,0.0,200.0,0.0
2024-07-29,810163,WITHDRAWAL,0.0,65.0,0.0
2024-07-29,831947,WITHDRAWAL,0.0,250.0,0.0
2024-07-29,870543,WITHDRAWAL,0.0,15.0,0.0
2024-07-29,904492,WITHDRAWAL,0.0,20.0,0.0
2024-07-29,1014387,WITHDRAWAL,0.0,10.0,0.0
2024-07-29,1086641,WITHDRAWAL,0.0,4095.0,0.0
2024-07-29,1116925,WITHDRAWAL,0.0,2000.0,0.0
2024-07-29,1137613,DEBIT,20.0,0.0,3921.99
2024-07-29,1182006,WITHDRAWAL,0.0,10.0,0.0
2024-07-29,1226912,WITHDRAWAL,0.0,3147.0,0.0
2024-07-29,1235200,WITHDRAWAL,0.0,60.0,0.0
2024-07-29,1243001,WITHDRAWAL,0.0,200.0,0.0
2024-07-29,1265118,WITHDRAWAL,0.0,15.0,0.0
2024-07-29,1488391,WITHDRAWAL,0.0,150.0,0.0
2024-07-29,1519306,WITHDRAWAL,0.0,50.0,0.0
2024-07-29,1497090,WITHDRAWAL,0.0,50.0,0.0
2024-07-29,1878037,WITHDRAWAL,0.0,200.0,0.0
2024-07-29,1960795,DEPOSIT,0.0,1960795.0,0.0
2024-07-29,2050246,WITHDRAWAL,0.0,40.0,0.0
2024-07-29,2092491,DEPOSIT,0.0,2092491.0,0.0
2024-07-29,2876930,DEBIT,10.0,0.0,339.99
2024-07-30,1150997,WITHDRAWAL,0.0,255.0,0.0
2024-07-30,2491299,DEPOSIT,0.0,2491299.0,0.0
2024-07-30,2486877,WITHDRAWAL,0.0,2486877.0,0.0
2024-07-31,1774783,WITHDRAWAL,0.0,30.0,0.0
2024-07-31,2048366,DEBIT,10.0,0.0,24.99
2024-07-31,924014074,CREDIT,0.0,924014074.0,0.0
2024-08-01,543686,WITHDRAWAL,0.0,85.0,0.0
2024-08-02,1615836,DEBIT,49.0,0.0,499.71
2024-08-02,2060127,WITHDRAWAL,0.0,150.0,0.0
2024-08-02,2117039,WITHDRAWAL,0.0,90.0,0.0
2024-08-02,2231208,DEPOSIT,0.0,2231208.0,0.0
2024-08-02,2559757,WITHDRAWAL,0.0,1100.0,0.0
2024-08-02,2827521,WITHDRAWAL,0.0,2827521.0,0.0
2024-08-03,44278,WITHDRAWAL,0.0,100.0,0.0
2024-08-03,1001925,WITHDRAWAL,0.0,50.0,0.0
2024-08-03,1070486,WITHDRAWAL,0.0,30.0,0.0
2024-08-03,1074237,DEBIT,10.0,0.0,64.71
2024-08-03,1389012,WITHDRAWAL,0.0,20.0,0.0
2024-08-03,1614414,WITHDRAWAL,0.0,50.0,0.0
2024-08-03,1677135,WITHDRAWAL,0.0,180.0,0.0
2024-08-03,2380048,WITHDRAWAL,0.0,340.0,0.0
2024-08-04,599667,WITHDRAWAL,0.0,75.0,0.0
2024-08-04,1057641,DEPOSIT,0.0,1057641.0,0.0
2024-08-04,1028367,WITHDRAWAL,0.0,10.0,0.0
2024-08-04,1310919,DEBIT,19.0,0.0,650.71
2024-08-04,1327125,WITHDRAWAL,0.0,30.0,0.0
2024-08-04,1364422,WITHDRAWAL,0.0,190.0,0.0
2024-08-04,1442773,WITHDRAWAL,0.0,134.0,0.0
2024-08-04,1522073,WITHDRAWAL,0.0,220.0,0.0
2024-08-04,1545502,WITHDRAWAL,0.0,69.0,0.0
2024-08-04,1555487,WITHDRAWAL,0.0,140.0,0.0
2024-08-05,1672625,WITHDRAWAL,0.0,50.0,0.0
2024-08-05,2222768,DEBIT,7.0,0.0,0.71
2024-08-06,642233,DEPOSIT,0.0,642233.0,0.0
2024-08-06,642835,DEBIT,99.0,0.0,101.71
2024-08-06,1245972,WITHDRAWAL,0.0,70.0,0.0
2024-08-06,1248406,WITHDRAWAL,0.0,25.0,0.0
2024-08-06,1485689,DEPOSIT,0.0,1485689.0,0.0
2024-08-06,1492787,WITHDRAWAL,0.0,1492787.0,0.0
2024-08-06,2197477,DEBIT,5.0,0.0,1.71
2024-08-07,1248703,DEPOSIT,0.0,1248703.0,0.0
2024-08-07,1618114,WITHDRAWAL,0.0,90.0,0.0
2024-08-07,1645472,WITHDRAWAL,0.0,1250.0,0.0
2024-08-07,1662898,DEBIT,15.0,0.0,746.71
2024-08-07,1835792,WITHDRAWAL,0.0,130.0,0.0
2024-08-08,1134440,WITHDRAWAL,0.0,80.0,0.0
2024-08-08,1795084,DEBIT,99.0,0.0,437.71
2024-08-08,1845580,WITHDRAWAL,0.0,50.0,0.0
2024-08-08,1866028,WITHDRAWAL,0.0,105.0,0.0
2024-08-08,2084442,DEBIT,10.0,0.0,272.71
2024-08-09,206438,WITHDRAWAL,0.0,206438.0,0.0
2024-08-09,704373,WITHDRAWAL,0.0,380.0,0.0
2024-08-09,1438640,DEPOSIT,0.0,1438640.0,0.0
2024-08-09,2301350,DEBIT,99.0,0.0,4993.71
2024-08-09,2359341,WITHDRAWAL,0.0,205.0,0.0
2024-08-10,1115873,DEBIT,49.0,0.0,4739.71
2024-08-10,1177023,DEBIT,20.0,0.0,4719.71
2024-08-10,1597051,DEPOSIT,0.0,1597051.0,0.0
2024-08-10,1621127,WITHDRAWAL,0.0,325.0,0.0
2024-08-10,1629762,WITHDRAWAL,0.0,1629762.0,0.0
2024-08-10,1712937,WITHDRAWAL,0.0,230.0,0.0
2024-08-10,2140312,WITHDRAWAL,0.0,3198.0,0.0
2024-08-10,2171791,WITHDRAWAL,0.0,90.0,0.0
2024-08-10,2336226,WITHDRAWAL,0.0,2336226.0,0.0
2024-08-11,670323,WITHDRAWAL,0.0,170.0,0.0
2024-08-11,1274232,WITHDRAWAL,0.0,30.0,0.0
2024-08-11,1351688,WITHDRAWAL,0.0,50.0,0.0
2024-08-11,1437557,WITHDRAWAL,0.0,100.0,0.0
2024-08-11,1852958,DEPOSIT,0.0,1852958.0,0.0
2024-08-11,1901586,WITHDRAWAL,0.0,50.0,0.0
2024-08-12,833653,WITHDRAWAL,0.0,40.0,0.0
2024-08-12,919436,WITHDRAWAL,0.0,300.0,0.0
2024-08-12,920231,DEBIT,10.0,0.0,256.71
2024-08-12,921377,WITHDRAWAL,0.0,100.0,0.0
2024-08-12,1249480,WITHDRAWAL,0.0,85.0,0.0
2024-08-12,1927189,DEBIT,20.0,0.0,51.71
2024-08-12,2263936,DEBIT,99.0,0.0,162.71
2024-08-13,2080979,WITHDRAWAL,0.0,25.0,0.0
2024-08-14,474548,WITHDRAWAL,0.0,50.0,0.0
2024-08-14,1872451,WITHDRAWAL,0.0,50.0,0.0
2024-08-14,1897601,DEBIT,20.0,0.0,17.71
2024-08-14,1945459,DEBIT,10.0,0.0,7.71
2024-08-15,454452,DEPOSIT,0.0,454452.0,0.0
2024-08-15,1303486,WITHDRAWAL,0.0,80.0,0.0
2024-08-15,1332832,WITHDRAWAL,0.0,60.0,0.0
2024-08-16,418706,WITHDRAWAL,0.0,418706.0,0.0
2024-08-16,1854371,DEBIT,5.0,0.0,102.71
2024-08-16,1972562,DEPOSIT,0.0,1972562.0,0.0
2024-08-16,1977837,WITHDRAWAL,0.0,115.0,0.0
2024-08-16,2046105,WITHDRAWAL,0.0,1000.0,0.0
2024-08-17,1439702,DEPOSIT,0.0,1439702.0,0.0
2024-08-17,1448709,DEPOSIT,0.0,1448709.0,0.0
2024-08-17,1489913,DEPOSIT,0.0,1489913.0,0.0
2024-08-17,1495356,WITHDRAWAL,0.0,1495356.0,0.0
2024-08-17,1806532,DEBIT,7.0,0.0,30.71
2024-08-19,839368,WITHDRAWAL,0.0,50.0,0.0
2024-08-19,1445663,DEPOSIT,0.0,1445663.0,0.0
2024-08-19,1701732,WITHDRAWAL,0.0,85.0,0.0
2024-08-19,1802394,WITHDRAWAL,0.0,130.0,0.0
2024-08-19,1860492,WITHDRAWAL,0.0,1900.0,0.0
2024-08-19,1979169,WITHDRAWAL,0.0,1979169.0,0.0
2024-08-19,2081122,DEPOSIT,0.0,2081122.0,0.0
2024-08-19,2118241,DEPOSIT,0.0,2118241.0,0.0
2024-08-19,2222084,WITHDRAWAL,0.0,1166.0,0.0
2024-08-20,434842,DEPOSIT,0.0,434842.0,0.0
2024-08-20,1162888,WITHDRAWAL,0.0,160.0,0.0
2024-08-20,1188577,WITHDRAWAL,0.0,299.0,0.0
2024-08-20,1191923,WITHDRAWAL,0.0,1191923.0,0.0
2024-08-20,1200872,WITHDRAWAL,0.0,200.0,0.0
2024-08-21,300711,DEBIT,5.0,0.0,135.71
2024-08-21,1069482,WITHDRAWAL,0.0,50.0,0.0
2024-08-21,1742235,DEBIT,10.0,0.0,75.71
2024-08-21,1893992,WITHDRAWAL,0.0,1893992.0,0.0
2024-08-22,791428,WITHDRAWAL,0.0,50.0,0.0
2024-08-22,1762107,WITHDRAWAL,0.0,35.0,0.0
2024-08-23,1062825,DEPOSIT,0.0,1062825.0,0.0
2024-08-23,1067636,WITHDRAWAL,0.0,1067636.0,0.0
2024-08-23,1068888,WITHDRAWAL,0.0,14599.0,0.0
2024-08-23,1211353,WITHDRAWAL,0.0,125.0,0.0
2024-08-23,1194993,WITHDRAWAL,0.0,180.0,0.0
2024-08-23,1342693,WITHDRAWAL,0.0,165.0,0.0
2024-08-23,1622540,WITHDRAWAL,0.0,1622540.0,0.0
2024-08-23,1692807,WITHDRAWAL,0.0,25.0,0.0
2024-08-23,1847042,WITHDRAWAL,0.0,160.0,0.0
2024-08-23,1833633,WITHDRAWAL,0.0,50.0,0.0
2024-08-23,1888459,DEPOSIT,0.0,1888459.0,0.0
2024-08-24,556197,WITHDRAWAL,0.0,50.0,0.0
2024-08-24,591200,WITHDRAWAL,0.0,591200.0,0.0
2024-08-24,733184,WITHDRAWAL,0.0,425.0,0.0
2024-08-24,754657,DEPOSIT,0.0,754657.0,0.0
2024-08-24,756905,DEPOSIT,0.0,756905.0,0.0
2024-08-24,945115,WITHDRAWAL,0.0,150.0,0.0
2024-08-24,1140643,WITHDRAWAL,0.0,1140643.0,0.0
2024-08-24,1504540,WITHDRAWAL,0.0,150.0,0.0
2024-08-24,1666415,DEPOSIT,0.0,1666415.0,0.0
2024-08-24,1754270,WITHDRAWAL,0.0,100.0,0.0
2024-08-24,1806152,WITHDRAWAL,0.0,20.0,0.0
2024-08-24,1822825,WITHDRAWAL,0.0,10.0,0.0
2024-08-24,1825835,WITHDRAWAL,0.0,866.0,0.0
2024-08-24,1827367,WITHDRAWAL,0.0,400.0,0.0
2024-08-24,1841296,WITHDRAWAL,0.0,20.0,0.0
2024-08-24,1873714,WITHDRAWAL,0.0,1873714.0,0.0
2024-08-25,1322424,WITHDRAWAL,0.0,1322424.0,0.0
2024-08-25,2127786,DEPOSIT,0.0,2127786.0,0.0
2024-08-26,811798,WITHDRAWAL,0.0,50.0,0.0
2024-08-26,1743164,DEPOSIT,0.0,1743164.0,0.0
2024-08-26,1865515,WITHDRAWAL,0.0,270.0,0.0
2024-08-26,1881750,DEBIT,10.0,0.0,104.71
2024-08-27,1304717,WITHDRAWAL,0.0,60.0,0.0
2024-08-28,861048,WITHDRAWAL,0.0,60.0,0.0
2024-08-28,933931,WITHDRAWAL,0.0,80.0,0.0
2024-08-28,2564671,WITHDRAWAL,0.0,30.0,0.0
2024-08-29,434541,DEPOSIT,0.0,434541.0,0.0
2024-08-29,1170542,DEPOSIT,0.0,1170542.0,0.0
2024-08-29,1888114,WITHDRAWAL,0.0,1888114.0,951762160562987.0
2024-08-30,601265,WITHDRAWAL,0.0,601265.0,0.0
2024-08-30,2582300,WITHDRAWAL,0.0,315.0,0.0
2024-08-31,1892283,WITHDRAWAL,0.0,110.0,0.0
2024-08-31,2530469,DEPOSIT,0.0,2530469.0,0.0
2024-08-31,2537870,WITHDRAWAL,0.0,135.0,0.0
2024-08-31,924013599,CREDIT,0.0,924013599.0,0.0
2024-09-01,169548,DEBIT,50.0,0.0,313.15
2024-09-01,1317429,DEPOSIT,0.0,1317429.0,0.0
2024-09-02,423613,WITHDRAWAL,0.0,65.0,0.0
2024-09-02,1242639,WITHDRAWAL,0.0,1242639.0,0.0
2024-09-02,1259159,DEPOSIT,0.0,1259159.0,0.0
2024-09-02,1269099,WITHDRAWAL,0.0,1269099.0,0.0
2024-09-02,1674544,WITHDRAWAL,0.0,35.0,0.0
2024-09-02,2149145,DEBIT,10.0,0.0,503.15
2024-09-02,2495972,WITHDRAWAL,0.0,90.0,0.0
2024-09-02,2500963,WITHDRAWAL,0.0,5.0,0.0
2024-09-03,544836,WITHDRAWAL,0.0,50.0,0.0
2024-09-03,1068954,WITHDRAWAL,0.0,30.0,0.0
2024-09-03,1430691,WITHDRAWAL,0.0,10.0,0.0
2024-09-03,2222785,DEBIT,15.0,0.0,303.15
2024-09-04,950435,WITHDRAWAL,0.0,50.0,0.0
2024-09-04,2079580,WITHDRAWAL,0.0,195.0,0.0
2024-09-04,2305981,DEPOSIT,0.0,2305981.0,0.0
2024-09-04,2356868,WITHDRAWAL,0.0,130.0,0.0
2024-09-05,794827,WITHDRAWAL,0.0,45.0,0.0
2024-09-05,2160321,WITHDRAWAL,0.0,70.0,0.0
2024-09-05,2256462,DEPOSIT,0.0,2256462.0,0.0
2024-09-05,2281153,WITHDRAWAL,0.0,70.0,0.0
2024-09-05,2480371,WITHDRAWAL,0.0,683.0,0.0
2024-09-06,1008538,WITHDRAWAL,0.0,764.0,0.0
2024-09-06,1047584,DEBIT,10.0,0.0,1786.15
2024-09-06,1050524,DEBIT,199.0,0.0,1587.15
2024-09-06,1189766,WITHDRAWAL,0.0,764.0,0.0
2024-09-06,1198983,DEPOSIT,0.0,1198983.0,0.0
2024-09-06,1288469,WITHDRAWAL,0.0,50.0,0.0
2024-09-06,1294722,WITHDRAWAL,0.0,40.0,0.0
2024-09-06,1400036,WITHDRAWAL,0.0,1400036.0,0.0
2024-09-06,2117589,WITHDRAWAL,0.0,40.0,0.0
2024-09-07,877618,WITHDRAWAL,0.0,100.0,0.0
2024-09-07,868602,WITHDRAWAL,0.0,15.0,0.0
2024-09-07,917650,WITHDRAWAL,0.0,10.0,0.0
2024-09-07,949650,WITHDRAWAL,0.0,180.0,0.0
2024-09-07,995995,WITHDRAWAL,0.0,65.0,0.0
2024-09-07,1015705,WITHDRAWAL,0.0,15.0,0.0
2024-09-07,1041989,WITHDRAWAL,0.0,200.0,0.0
2024-09-07,1485340,DEPOSIT,0.0,1485340.0,0.0
2024-09-07,1893877,WITHDRAWAL,0.0,25.0,0.0
2024-09-07,1930405,WITHDRAWAL,0.0,70.0,0.0
2024-09-07,2233820,WITHDRAWAL,0.0,30.0,0.0
2024-09-07,2361053,WITHDRAWAL,0.0,435.0,0.0
2024-09-07,2371677,WITHDRAWAL,0.0,795.0,0.0
2024-09-07,2475363,WITHDRAWAL,0.0,30.0,0.0
2024-09-07,2505885,WITHDRAWAL,0.0,50.0,0.0
2024-09-08,84339,WITHDRAWAL,0.0,84339.0,8466332168132987.0
2024-09-08,86515,DEBIT,10.0,0.0,198.15
2024-09-08,88927,WITHDRAWAL,0.0,88927.0,186442160932987.0
2024-09-08,90739,WITHDRAWAL,0.0,60.0,0.0
2024-09-08,174918,WITHDRAWAL,0.0,10.0,0.0
2024-09-08,384545,WITHDRAWAL,0.0,25.0,0.0
2024-09-10,378745,DEPOSIT,0.0,378745.0,1.0
2024-09-10,626078,WITHDRAWAL,0.0,626078.0,0.0
2024-09-11,166580,DEPOSIT,0.0,166580.0,0.0
2024-09-11,205452,WITHDRAWAL,0.0,205452.0,812952169182987.0
2024-09-11,280580,WITHDRAWAL,0.0,280580.0,0.0
2024-09-11,2362044,WITHDRAWAL,0.0,3699.0,0.0
2024-09-12,1760888,DEBIT,299.0,0.0,447.15
2024-09-13,587508,DEBIT,99.0,0.0,348.15
2024-09-14,621486,DEBIT,20.0,0.0,328.15
2024-09-14,2460534,DEBIT,29.0,0.0,299.15
2024-09-15,89568,DEPOSIT,0.0,89568.0,0.0
2024-09-15,122495,WITHDRAWAL,0.0,180.0,0.0
2024-09-15,316336,WITHDRAWAL,0.0,140.0,0.0
2024-09-15,321517,DEBIT,20.0,0.0,19959.15
2024-09-15,616276,WITHDRAWAL,0.0,110.0,0.0
2024-09-15,1495637,WITHDRAWAL,0.0,630.0,0.0
2024-09-15,1585329,WITHDRAWAL,0.0,120.0,0.0
2024-09-15,1780861,WITHDRAWAL,0.0,200.0,0.0
2024-09-15,2017468,WITHDRAWAL,0.0,2017468.0,0.0
2024-09-16,598197,WITHDRAWAL,0.0,18355.0,0.0
2024-09-16,882911,WITHDRAWAL,0.0,60.0,0.0
2024-09-16,1185446,WITHDRAWAL,0.0,60.0,0.0
2024-09-16,2175967,WITHDRAWAL,0.0,65.0,0.0
2024-09-17,36746,DEPOSIT,0.0,36746.0,0.0
2024-09-17,1423800,WITHDRAWAL,0.0,60.0,0.0
2024-09-18,871452,DEBIT,20.0,0.0,5064.15
2024-09-18,2016960,WITHDRAWAL,0.0,235.0,0.0
2024-09-19,950026578,WITHDRAWAL,0.0,4499.0,0.0
2024-09-19,350579,WITHDRAWAL,0.0,45.0,0.0
2024-09-20,420208,WITHDRAWAL,0.0,55.0,0.0
2024-09-20,2202949,WITHDRAWAL,0.0,125.0,0.0
2024-09-21,955495,WITHDRAWAL,0.0,955495.0,0.0
2024-09-21,1515469,DEBIT,19.0,0.0,56.15
2024-09-21,1950533,DEBIT,10.0,0.0,46.15
2024-09-23,1007513,DEBIT,19.0,0.0,27.15
2024-09-24,182870,WITHDRAWAL,0.0,35.0,0.0
2024-09-24,336910,WITHDRAWAL,0.0,336910.0,0.0
2024-09-24,492710,WITHDRAWAL,0.0,30.0,0.0
2024-09-24,586531,DEPOSIT,0.0,586531.0,0.0
2024-09-24,1454329,WITHDRAWAL,0.0,100.0,0.0
2024-09-24,1633115,DEBIT,15.0,0.0,27.15
2024-09-24,1698803,DEBIT,15.0,0.0,12.15
2024-09-24,1736359,DEPOSIT,0.0,1736359.0,0.0
2024-09-24,1817700,DEBIT,20.0,0.0,92.15
2024-09-25,1080694,WITHDRAWAL,0.0,20.0,0.0
2024-09-25,1930350,DEPOSIT,0.0,1930350.0,0.0
2024-09-25,1935086,WITHDRAWAL,0.0,180.0,0.0
2024-09-25,2144962,WITHDRAWAL,0.0,50.0,0.0
2024-09-26,950023502,DEBIT,99.0,0.0,2198.15
2024-09-26,444818,WITHDRAWAL,0.0,444818.0,0.0
2024-09-26,940091,DEPOSIT,0.0,940091.0,0.0
2024-09-26,966678,WITHDRAWAL,0.0,3179.0,0.0
2024-09-26,2248809,DEBIT,15.0,0.0,964.15
2024-09-27,1321092,WITHDRAWAL,0.0,150.0,0.0
2024-09-27,1346138,WITHDRAWAL,0.0,1346138.0,0.0
2024-09-27,1384591,WITHDRAWAL,0.0,400.0,0.0
2024-09-27,1476893,WITHDRAWAL,0.0,115.0,0.0
2024-09-27,1515601,WITHDRAWAL,0.0,90.0,0.0
2024-09-27,1678013,WITHDRAWAL,0.0,10.0,0.0
2024-09-27,1733833,WITHDRAWAL,0.0,100.0,0.0
2024-09-27,1746351,WITHDRAWAL,0.0,25.0,0.0
2024-09-28,450257,DEBIT,39.0,0.0,5.15
2024-09-28,553385,WITHDRAWAL,0.0,70.0,0.0
2024-09-28,587787,WITHDRAWAL,0.0,100.0,0.0
2024-09-28,708988,DEBIT,99.0,0.0,1836.15
2024-09-28,1278705,WITHDRAWAL,0.0,150.0,0.0
2024-09-28,1306743,WITHDRAWAL,0.0,40.0,0.0
2024-09-28,1179717,WITHDRAWAL,0.0,50.0,0.0
2024-09-28,1347099,WITHDRAWAL,0.0,600.0,0.0
2024-09-28,1649110,WITHDRAWAL,0.0,1649110.0,0.0
2024-09-29,651480,WITHDRAWAL,0.0,60.0,0.0
2024-09-29,823058,WITHDRAWAL,0.0,20.0,0.0
2024-09-29,933777,WITHDRAWAL,0.0,10.0,0.0
2024-09-29,1103201,DEBIT,19.0,0.0,387.15
2024-09-29,1283507,WITHDRAWAL,0.0,130.0,0.0
2024-09-29,1569542,WITHDRAWAL,0.0,100.0,0.0
2024-09-29,1737494,DEPOSIT,0.0,1737494.0,0.0
2024-09-29,1793059,DEBIT,15.0,0.0,492.15
2024-09-29,1857006,WITHDRAWAL,0.0,50.0,0.0
2024-09-30,1500198,WITHDRAWAL,0.0,20.0,0.0
2024-09-30,1504388,WITHDRAWAL,0.0,75.0,0.0
2024-09-30,2586062,WITHDRAWAL,0.0,230.0,0.0
2024-09-30,924013277,CREDIT,0.0,924013277.0,0.0
2024-10-01,950066491,DEBIT,19.0,0.0,102.93
2024-10-01,745210,DEBIT,10.0,0.0,92.93
2024-10-01,1507510,DEPOSIT,0.0,1507510.0,0.0
2024-07-19,157584,DEPOSIT,0.0,157584.0,0.0
2024-07-19,2102106,WITHDRAWAL,0.0,2102106.0,0.0
2024-07-19,2159085,DEBIT,99.0,0.0,3306.54
2024-07-20,268808,DEPOSIT,0.0,268808.0,0.0
2024-07-20,314178,WITHDRAWAL,0.0,45.0,0.0
2024-07-20,577000,WITHDRAWAL,0.0,50.0,0.0
2024-07-20,580266,WITHDRAWAL,0.0,100.0,0.0
2024-07-20,1366995,WITHDRAWAL,0.0,1366995.0,0.0
2024-07-20,1402637,DEPOSIT,0.0,1402637.0,0.0
2024-07-20,1375299,WITHDRAWAL,0.0,261.0,0.0
2024-07-20,2004666,WITHDRAWAL,0.0,100.0,0.0
2024-07-21,553293,WITHDRAWAL,0.0,50.0,0.0
2024-07-21,563609,WITHDRAWAL,0.0,563609.0,1212212162361304.0
2024-07-21,687886,WITHDRAWAL,0.0,687886.0,1313152162941304.0
2024-07-01,162154,WITHDRAWAL,0.0,45.0,0.0
2024-07-01,620660,DEBIT,50.0,0.0,409.54
2024-07-01,696337,WITHDRAWAL,0.0,250.0,0.0
2024-07-01,722550,DEPOSIT,0.0,722550.0,0.0
2024-07-01,768414,WITHDRAWAL,0.0,250.0,0.0
2024-07-01,847818,WITHDRAWAL,0.0,60.0,0.0
2024-07-01,1042655,DEPOSIT,0.0,1042655.0,0.0
2024-07-01,1150759,WITHDRAWAL,0.0,135.0,0.0
2024-07-01,1168846,WITHDRAWAL,0.0,200.0,0.0
2024-07-02,55459,WITHDRAWAL,0.0,300.0,0.0
2024-07-02,407291,WITHDRAWAL,0.0,1000.0,0.0
2024-07-02,422442,WITHDRAWAL,0.0,90.0,0.0
2024-07-02,840016,WITHDRAWAL,0.0,95.0,0.0
2024-07-02,1823943,WITHDRAWAL,0.0,65.0,0.0
2024-07-02,1829596,WITHDRAWAL,0.0,60.0,0.0
2024-07-02,2484417,WITHDRAWAL,0.0,140.0,0.0
2024-07-03,664376,WITHDRAWAL,0.0,664376.0,0.0
2024-07-03,664800,WITHDRAWAL,0.0,664800.0,0.0
2024-07-03,688222,WITHDRAWAL,0.0,688222.0,0.0
2024-07-03,1294599,WITHDRAWAL,0.0,110.0,0.0
2024-07-03,1304111,DEPOSIT,0.0,1304111.0,0.0
2024-07-05,960176,WITHDRAWAL,0.0,960176.0,0.0
2024-07-05,2345904,WITHDRAWAL,0.0,20.0,0.0
2024-07-07,943085,WITHDRAWAL,0.0,40.0,0.0
2024-07-07,952691,WITHDRAWAL,0.0,80.0,0.0
2024-07-08,1557454,WITHDRAWAL,0.0,38.0,0.0
2024-07-09,872727,WITHDRAWAL,0.0,185.0,0.0
2024-07-09,1325884,WITHDRAWAL,0.0,20.0,0.0
2024-07-09,1940953,WITHDRAWAL,0.0,95.0,0.0
2024-07-10,1544655,WITHDRAWAL,0.0,75.0,0.0
2024-07-11,258971,DEPOSIT,0.0,258971.0,0.0
2024-07-12,642574,DEBIT,99.0,0.0,2926.54
2024-07-12,1185519,DEBIT,20.0,0.0,2906.54
2024-07-12,1265622,WITHDRAWAL,0.0,6.0,0.0
2024-07-12,1708710,WITHDRAWAL,0.0,1708710.0,0.0
2024-07-13,2070395,DEBIT,50.0,0.0,1850.54
2024-07-14,383445,WITHDRAWAL,0.0,383445.0,0.0
2024-07-14,1465877,WITHDRAWAL,0.0,1390.0,0.0
2024-07-14,1478408,WITHDRAWAL,0.0,60.0,0.0
2024-07-15,1670622,WITHDRAWAL,0.0,1670622.0,0.0
2024-07-15,2384784,WITHDRAWAL,0.0,50.0,0.0
2024-07-15,2651812,DEPOSIT,0.0,2651812.0,0.0
2024-07-15,2656169,WITHDRAWAL,0.0,521.0,0.0
2024-07-17,1951179,DEPOSIT,0.0,1951179.0,0.0
2024-07-17,1962462,DEPOSIT,0.0,1962462.0,0.0
2024-07-18,153069,WITHDRAWAL,0.0,500.0,0.0
2024-07-18,1872950,DEPOSIT,0.0,1872950.0,0.0
2024-07-18,1873732,DEPOSIT,0.0,1873732.0,0.0
2024-07-18,1881078,WITHDRAWAL,0.0,1881078.0,0.0
2024-07-19,1473042,DEBIT,50.0,0.0,11944.54
2024-07-19,1503778,WITHDRAWAL,0.0,1503778.0,0.0
2024-07-19,1507077,WITHDRAWAL,0.0,1507077.0,0.0
2024-07-19,1660535,WITHDRAWAL,0.0,20.0,0.0
2024-07-19,1950514,WITHDRAWAL,0.0,240.0,0.0
2024-07-19,2002770,WITHDRAWAL,0.0,600.0,0.0
2024-07-22,1241846,WITHDRAWAL,0.0,250.0,0.0
2024-07-21,2107626,DEBIT,99.0,0.0,2411.54
2024-07-22,260796,WITHDRAWAL,0.0,11.0,0.0
2024-07-22,658198,WITHDRAWAL,0.0,500.0,0.0
2024-07-22,866381,WITHDRAWAL,0.0,960.0,0.0
2024-07-22,1181619,DEPOSIT,0.0,1181619.0,0.0
2024-07-22,1185186,WITHDRAWAL,0.0,450.0,0.0
2024-08-03,1727289,WITHDRAWAL,0.0,140.0,0.0
2024-08-03,2040853,DEBIT,19.0,0.0,521.0
2024-08-06,221043,DEPOSIT,0.0,221043.0,0.0
2024-08-06,225440,DEPOSIT,0.0,225440.0,0.0
2024-08-06,248513,DEPOSIT,0.0,248513.0,0.0
2024-08-06,253753,DEPOSIT,0.0,253753.0,0.0
2024-08-06,374517,DEPOSIT,0.0,374517.0,0.0
2024-08-06,390638,DEPOSIT,0.0,390638.0,0.0
2024-08-06,1049915,DEPOSIT,0.0,1049915.0,0.0
2024-07-22,2176784,WITHDRAWAL,0.0,40.0,0.0
2024-07-23,723314,WITHDRAWAL,0.0,315.0,0.0
2024-07-24,493658,WITHDRAWAL,0.0,85.0,0.0
2024-07-25,20906,WITHDRAWAL,0.0,300.0,0.0
2024-07-25,1835676,DEPOSIT,0.0,1835676.0,0.0
2024-07-25,1938747,DEPOSIT,0.0,1938747.0,0.0
2024-07-25,1954791,WITHDRAWAL,0.0,350.0,0.0
2024-07-26,884825,WITHDRAWAL,0.0,884825.0,0.0
2024-07-27,804240,DEPOSIT,0.0,804240.0,0.0
2024-07-27,870769,WITHDRAWAL,0.0,110.0,0.0
2024-07-29,1245725,DEPOSIT,0.0,1245725.0,0.0
2024-07-30,1126030,WITHDRAWAL,0.0,80.0,0.0
2024-07-31,1830332,WITHDRAWAL,0.0,20.0,0.0
2024-07-31,2433834,DEBIT,19.0,0.0,381.54
2024-07-31,2536660,WITHDRAWAL,0.0,2536660.0,0.0
2024-07-31,2869369,WITHDRAWAL,0.0,2869369.0,0.0
2024-07-31,2877909,WITHDRAWAL,0.0,2877909.0,0.0
2024-07-31,2879005,WITHDRAWAL,0.0,22.54,0.0
2024-07-31,2879410,DEPOSIT,0.0,2879410.0,0.0
2024-07-31,2881512,WITHDRAWAL,0.0,2881512.0,0.0
2024-07-31,924013706,CREDIT,0.0,924013706.0,0.0
2024-08-01,2821716,WITHDRAWAL,0.0,3.32,0.0
2024-08-03,950025737,DEPOSIT,0.0,950025737.0,0.0
2024-08-03,861261,DEPOSIT,0.0,861261.0,0.0
2024-08-03,863895,WITHDRAWAL,0.0,60.0,0.0
2024-08-03,1697692,WITHDRAWAL,0.0,10.0,0.0
2024-08-03,2371182,WITHDRAWAL,0.0,137.5,0.0
2024-08-03,2381085,WITHDRAWAL,0.0,50.0,0.0
2024-08-04,372986,DEPOSIT,0.0,372986.0,0.0
2024-08-04,382616,WITHDRAWAL,0.0,33.5,0.0
2024-08-04,805072,WITHDRAWAL,0.0,805072.0,0.0
2024-08-04,1132592,WITHDRAWAL,0.0,70.0,0.0
2024-08-05,2714469,DEPOSIT,0.0,2714469.0,0.0
2024-08-05,2733498,DEPOSIT,0.0,2733498.0,0.0
2024-08-06,950034652,WITHDRAWAL,0.0,30.0,0.0
2024-08-06,145813,DEPOSIT,0.0,145813.0,0.0
2024-08-06,184667,DEPOSIT,0.0,184667.0,0.0
2024-08-06,17752,DEPOSIT,0.0,17752.0,0.0
2024-08-06,200240,DEPOSIT,0.0,200240.0,0.0
2024-08-06,1139648,DEPOSIT,0.0,1139648.0,0.0
2024-08-06,1721719,DEPOSIT,0.0,1721719.0,0.0
2024-08-06,2275039,DEPOSIT,0.0,2275039.0,0.0
2024-08-06,2305211,DEPOSIT,0.0,2305211.0,0.0
2024-08-06,2267319,DEPOSIT,0.0,2267319.0,0.0
2024-08-21,2079959,DEPOSIT,0.0,2079959.0,0.0
2024-08-21,2141969,DEPOSIT,0.0,2141969.0,0.0
2024-08-21,2162801,DEPOSIT,0.0,2162801.0,0.0
2024-08-21,2174032,DEPOSIT,0.0,2174032.0,0.0
2024-08-22,2733,DEPOSIT,0.0,2733.0,0.0
2024-08-22,243142,DEPOSIT,0.0,243142.0,0.0
2024-08-22,417659,DEPOSIT,0.0,417659.0,0.0
2024-08-22,447037,DEPOSIT,0.0,447037.0,0.0
2024-08-22,1028351,DEPOSIT,0.0,1028351.0,0.0
2024-08-22,1028658,DEPOSIT,0.0,1028658.0,0.0
2024-08-22,1043034,DEPOSIT,0.0,1043034.0,0.0
2024-08-22,1051113,DEPOSIT,0.0,1051113.0,0.0
2024-08-06,2313999,DEPOSIT,0.0,2313999.0,0.0
2024-08-06,2571840,DEPOSIT,0.0,2571840.0,0.0
2024-08-07,419803,WITHDRAWAL,0.0,419803.0,0.0
2024-08-07,1316428,DEPOSIT,0.0,1316428.0,0.0
2024-08-07,1427330,DEPOSIT,0.0,1427330.0,0.0
2024-08-07,1647625,WITHDRAWAL,0.0,1647625.0,0.0
2024-08-08,1058317,DEPOSIT,0.0,1058317.0,0.0
2024-08-08,1163153,WITHDRAWAL,0.0,1163153.0,0.0
2024-08-09,209044,DEPOSIT,0.0,209044.0,0.0
2024-08-09,230439,WITHDRAWAL,0.0,230439.0,0.0
2024-08-10,469054,DEPOSIT,0.0,469054.0,0.0
2024-08-10,472039,WITHDRAWAL,0.0,45.0,0.0
2024-08-11,2154682,DEBIT,10.0,0.0,60.0
2024-08-18,978202,WITHDRAWAL,0.0,978202.0,0.0
2024-08-18,1887832,DEPOSIT,0.0,1887832.0,0.0
2024-08-18,1896257,WITHDRAWAL,0.0,1896257.0,0.0
2024-08-18,1918683,DEBIT,50.0,0.0,300.0
2024-08-19,860764,WITHDRAWAL,0.0,860764.0,0.0
2024-08-19,1721347,WITHDRAWAL,0.0,1721347.0,0.0
2024-08-19,1975790,WITHDRAWAL,0.0,2250.0,0.0
2024-08-19,1979169,DEPOSIT,0.0,1979169.0,0.0
2024-08-21,1070537,WITHDRAWAL,0.0,45.0,0.0
2024-08-21,1732690,WITHDRAWAL,0.0,45.0,0.0
2024-08-21,1805758,DEPOSIT,0.0,1805758.0,0.0
2024-08-21,1794211,DEPOSIT,0.0,1794211.0,0.0
2024-08-21,1833099,DEPOSIT,0.0,1833099.0,0.0
2024-08-21,1828601,DEPOSIT,0.0,1828601.0,0.0
2024-08-21,1828890,DEPOSIT,0.0,1828890.0,0.0
2024-08-21,1835365,DEPOSIT,0.0,1835365.0,0.0
2024-08-21,1845990,DEPOSIT,0.0,1845990.0,0.0
2024-08-21,1848440,DEPOSIT,0.0,1848440.0,0.0
2024-08-21,1849525,DEPOSIT,0.0,1849525.0,0.0
2024-08-21,1855977,DEPOSIT,0.0,1855977.0,0.0
2024-08-21,1856084,DEPOSIT,0.0,1856084.0,0.0
2024-08-21,1878007,DEPOSIT,0.0,1878007.0,0.0
2024-08-21,1904364,DEPOSIT,0.0,1904364.0,0.0
2024-08-21,1893992,DEPOSIT,0.0,1893992.0,0.0
2024-08-21,1897860,DEPOSIT,0.0,1897860.0,0.0
2024-08-21,1919619,DEPOSIT,0.0,1919619.0,0.0
2024-08-21,1953140,DEPOSIT,0.0,1953140.0,0.0
2024-08-21,1988663,DEPOSIT,0.0,1988663.0,0.0
2024-08-21,2012387,DEPOSIT,0.0,2012387.0,0.0
2024-08-21,2018615,DEPOSIT,0.0,2018615.0,0.0
2024-08-21,2020744,DEPOSIT,0.0,2020744.0,0.0
2024-08-21,2073253,DEPOSIT,0.0,2073253.0,3.0
2024-08-21,2075297,DEPOSIT,0.0,2075297.0,0.0
2024-08-23,255520,DEPOSIT,0.0,255520.0,0.0
2024-08-23,281111,DEPOSIT,0.0,281111.0,0.0
2024-08-23,284268,DEPOSIT,0.0,284268.0,0.0
2024-08-23,289012,WITHDRAWAL,0.0,4.0,0.0
2024-08-23,290039,DEPOSIT,0.0,290039.0,0.0
2024-08-23,296474,WITHDRAWAL,0.0,1.0,0.0
2024-08-23,674617,DEPOSIT,0.0,674617.0,0.0
2024-08-22,1136443,DEPOSIT,0.0,1136443.0,0.0
2024-08-22,1183408,DEPOSIT,0.0,1183408.0,0.0
2024-08-22,2009601,DEPOSIT,0.0,2009601.0,0.0
2024-08-22,2026987,DEPOSIT,0.0,2026987.0,0.0
2024-08-22,2084359,DEPOSIT,0.0,2084359.0,0.0
2024-08-22,2181728,DEPOSIT,0.0,2181728.0,0.0
2024-08-22,2189512,WITHDRAWAL,0.0,4.0,0.0
2024-08-23,221035,DEPOSIT,0.0,221035.0,0.0
2024-08-23,677810,DEPOSIT,0.0,677810.0,0.0
2024-08-23,737027,DEPOSIT,0.0,737027.0,0.0
2024-08-23,830133,DEPOSIT,0.0,830133.0,0.0
2024-08-23,922109,WITHDRAWAL,0.0,600.0,0.0
2024-08-23,1053931,DEBIT,49.0,0.0,3260.0
2024-08-23,1064402,WITHDRAWAL,0.0,16000.0,0.0
2024-08-23,1067636,DEPOSIT,0.0,1067636.0,0.0
2024-08-23,1046007,DEPOSIT,0.0,1046007.0,0.0
2024-08-23,1336383,DEPOSIT,0.0,1336383.0,0.0
2024-08-23,1512655,DEPOSIT,0.0,1512655.0,0.0
2024-08-23,1913550,WITHDRAWAL,0.0,80.0,0.0
2024-08-24,435169,DEBIT,19.0,0.0,3902.0
2024-08-24,452611,CREDIT,452611.0,0.0,0.0
2024-08-24,435475,DEBIT,19.0,0.0,3902.0
2024-08-24,453392,CREDIT,453392.0,0.0,0.0
2024-08-24,453745,DEBIT,19.0,0.0,3902.0
2024-08-24,453746,CREDIT,453746.0,0.0,0.0
2024-08-24,516849,WITHDRAWAL,0.0,250.0,0.0
2024-08-24,617680,WITHDRAWAL,0.0,675.0,0.0
2024-08-24,683464,WITHDRAWAL,0.0,20.0,0.0
2024-08-24,762890,WITHDRAWAL,0.0,762890.0,1013162162611304.0
2024-08-24,842890,WITHDRAWAL,0.0,842890.0,1513482160491304.0
2024-08-24,852174,WITHDRAWAL,0.0,100.0,0.0
2024-08-24,899797,WITHDRAWAL,0.0,1740.0,0.0
2024-08-24,943159,WITHDRAWAL,0.0,491.0,0.0
2024-08-24,2182376,DEPOSIT,0.0,2182376.0,0.0
2024-08-25,40877,WITHDRAWAL,0.0,300.0,0.0
2024-08-25,1577945,DEBIT,5.0,0.0,285.0
2024-08-25,2213008,WITHDRAWAL,0.0,280.0,0.0
2024-08-29,1026379,DEPOSIT,0.0,1026379.0,0.0
2024-08-29,1805015,WITHDRAWAL,0.0,35.0,0.0
2024-08-30,523167,WITHDRAWAL,0.0,970.0,0.0
2024-08-30,526053,DEPOSIT,0.0,526053.0,0.0
2024-08-30,509241,DEPOSIT,0.0,509241.0,0.0
2024-08-30,601265,DEPOSIT,0.0,601265.0,0.0
2024-08-30,702719,DEPOSIT,0.0,702719.0,0.0
2024-08-30,720965,DEPOSIT,0.0,720965.0,0.0
2024-08-30,895139,DEPOSIT,0.0,895139.0,0.0
2024-08-30,978151,DEPOSIT,0.0,978151.0,0.0
2024-08-30,1761740,DEPOSIT,0.0,1761740.0,0.0
2024-08-30,1778634,DEPOSIT,0.0,1778634.0,0.0
2024-08-30,1759547,DEPOSIT,0.0,1759547.0,0.0
2024-08-30,2822586,DEPOSIT,0.0,2822586.0,0.0
2024-08-31,950028580,DEPOSIT,0.0,950028580.0,0.0
2024-08-31,716480,DEPOSIT,0.0,716480.0,0.0
2024-08-31,882908,WITHDRAWAL,0.0,40.0,0.0
2024-08-31,1087230,DEPOSIT,0.0,1087230.0,0.0
2024-08-31,1786114,DEPOSIT,0.0,1786114.0,0.0
2024-08-31,2149775,DEPOSIT,0.0,2149775.0,0.0
2024-08-31,2629283,DEPOSIT,0.0,2629283.0,0.0
2024-08-31,2632049,DEPOSIT,0.0,2632049.0,0.0
2024-08-31,2818675,DEPOSIT,0.0,2818675.0,0.0
2024-08-31,924013245,CREDIT,0.0,924013245.0,0.0
2024-09-01,132363,DEBIT,49.0,0.0,1287.25
2024-09-01,642896,DEPOSIT,0.0,642896.0,0.0
2024-09-01,649150,DEPOSIT,0.0,649150.0,0.0
2024-09-01,733192,WITHDRAWAL,0.0,450.0,0.0
2024-09-01,749817,WITHDRAWAL,0.0,1500.0,0.0
2024-09-01,1317429,WITHDRAWAL,0.0,1317429.0,0.0
2024-09-01,1413462,WITHDRAWAL,0.0,1413462.0,0.0
2024-09-01,1907288,DEPOSIT,0.0,1907288.0,0.0
2024-09-01,2761158,WITHDRAWAL,0.0,360.0,0.0
2024-09-02,950001167,DEPOSIT,0.0,950001167.0,0.0
2024-09-02,950001814,WITHDRAWAL,0.0,950001814.0,0.0
2024-09-02,272926,DEPOSIT,0.0,272926.0,0.0
2024-09-02,422321,WITHDRAWAL,0.0,50.0,0.0
2024-09-03,1013944,WITHDRAWAL,0.0,34.25,0.0
2024-09-03,1087888,DEPOSIT,0.0,1087888.0,0.0
2024-09-05,826012,WITHDRAWAL,0.0,35.0,0.0
2024-09-05,2247579,DEPOSIT,0.0,2247579.0,0.0
2024-09-05,2280134,WITHDRAWAL,0.0,105.0,0.0
2024-09-05,2487818,DEPOSIT,0.0,2487818.0,0.0
2024-09-06,632241,WITHDRAWAL,0.0,752.0,0.0
2024-09-06,1064576,WITHDRAWAL,0.0,35.0,0.0
2024-09-06,1199591,WITHDRAWAL,0.0,123.0,0.0
2024-09-06,1802950,DEBIT,99.0,0.0,901.0
2024-09-06,2342956,WITHDRAWAL,0.0,185.0,0.0
2024-09-06,2400743,WITHDRAWAL,0.0,45.0,0.0
2024-09-06,2676572,DEPOSIT,0.0,2676572.0,0.0
2024-09-07,128259,WITHDRAWAL,0.0,120.0,0.0
2024-09-07,159383,DEPOSIT,0.0,159383.0,0.0
2024-09-07,354462,WITHDRAWAL,0.0,50.0,0.0
2024-09-07,355442,WITHDRAWAL,0.0,280.0,0.0
2024-09-07,338695,WITHDRAWAL,0.0,338695.0,0.0
2024-09-07,781254,DEBIT,50.0,0.0,4671.0
2024-09-07,853957,WITHDRAWAL,0.0,210.0,0.0
2024-09-07,858568,WITHDRAWAL,0.0,50.0,0.0
2024-09-07,1450757,WITHDRAWAL,0.0,1450757.0,0.0
2024-09-07,1676328,WITHDRAWAL,0.0,3000.0,0.0
2024-09-07,1986736,WITHDRAWAL,0.0,250.0,0.0
2024-09-08,710199,WITHDRAWAL,0.0,710199.0,0.0
2024-09-08,980919,DEBIT,99.0,0.0,562.0
2024-09-09,914062,WITHDRAWAL,0.0,25.0,0.0
2024-09-10,973259,WITHDRAWAL,0.0,140.0,0.0
2024-09-10,2322154,WITHDRAWAL,0.0,2322154.0,0.0
2024-09-13,531121,DEPOSIT,0.0,531121.0,0.0
2024-09-13,569334,DEBIT,99.0,0.0,448.0
2024-09-13,642323,DEPOSIT,0.0,642323.0,0.0
2024-09-13,873009,WITHDRAWAL,0.0,873009.0,0.0
2024-09-13,1099030,WITHDRAWAL,0.0,2248.0,0.0
2024-09-13,2476650,WITHDRAWAL,0.0,2476650.0,0.0
2024-09-14,469452,DEBIT,40.0,0.0,1656.0
2024-09-14,730395,WITHDRAWAL,0.0,730395.0,0.0
2024-09-14,1374780,WITHDRAWAL,0.0,60.0,0.0
2024-09-14,2095584,DEBIT,99.0,0.0,947.0
2024-09-15,570372,WITHDRAWAL,0.0,100.0,0.0
2024-09-15,580696,WITHDRAWAL,0.0,150.0,0.0
2024-09-15,1492610,WITHDRAWAL,0.0,375.0,0.0
2024-09-15,1511067,WITHDRAWAL,0.0,140.0,0.0
2024-09-15,1774011,WITHDRAWAL,0.0,345.0,0.0
2024-09-15,1931198,WITHDRAWAL,0.0,215.0,0.0
2024-09-15,2004230,WITHDRAWAL,0.0,390.0,0.0
2024-09-15,2017468,DEPOSIT,0.0,2017468.0,0.0
2024-09-15,2021513,WITHDRAWAL,0.0,199.0,0.0
2024-09-15,2052054,WITHDRAWAL,0.0,2052054.0,0.0
2024-09-18,2228869,WITHDRAWAL,0.0,2228869.0,0.0
2024-09-18,2229878,WITHDRAWAL,0.0,2229878.0,0.0
2024-09-19,1162591,WITHDRAWAL,0.0,1162591.0,0.0
2024-09-20,2096219,WITHDRAWAL,0.0,35.0,0.0
2024-09-20,2097691,WITHDRAWAL,0.0,2097691.0,0.0
2024-09-21,312152,DEPOSIT,0.0,312152.0,0.0
2024-09-21,955495,DEPOSIT,0.0,955495.0,0.0
2024-09-21,1270148,WITHDRAWAL,0.0,250.0,0.0
2024-09-21,2663898,DEBIT,49.0,0.0,231.0
2024-09-21,2667814,WITHDRAWAL,0.0,2667814.0,0.0
2024-09-22,795460,WITHDRAWAL,0.0,115.0,0.0
2024-09-23,126134,DEPOSIT,0.0,126134.0,0.0
2024-09-23,155907,DEBIT,50.0,0.0,266.0
2024-09-23,1194163,DEPOSIT,0.0,1194163.0,0.0
2024-09-23,1220990,WITHDRAWAL,0.0,864.0,0.0
2024-09-23,1487812,WITHDRAWAL,0.0,90.0,0.0
2024-09-23,1493210,WITHDRAWAL,0.0,60.0,0.0
2024-09-23,1476683,WITHDRAWAL,0.0,1476683.0,0.0
2024-09-24,508831,WITHDRAWAL,0.0,508831.0,0.0
2024-09-24,1711247,DEBIT,19.0,0.0,1.0
2024-09-25,821085,WITHDRAWAL,0.0,821085.0,0.0
2024-09-26,444818,DEPOSIT,0.0,444818.0,0.0
2024-09-26,451139,WITHDRAWAL,0.0,40.0,0.0
2024-09-28,759568,DEPOSIT,0.0,759568.0,0.0
2024-09-28,992039,DEBIT,99.0,0.0,902.0
2024-09-28,1071181,DEBIT,99.0,0.0,803.0
2024-09-28,1526896,WITHDRAWAL,0.0,1526896.0,0.0
2024-09-28,2399783,DEBIT,20.0,0.0,883.0
2024-09-29,52659,WITHDRAWAL,0.0,300.0,0.0
2024-09-29,532859,WITHDRAWAL,0.0,35.0,0.0
2024-09-29,1336866,WITHDRAWAL,0.0,160.0,0.0
2024-09-29,1350962,WITHDRAWAL,0.0,30.0,0.0
2024-09-29,1425879,WITHDRAWAL,0.0,40.0,0.0
2024-09-29,1580092,WITHDRAWAL,0.0,200.0,0.0
2024-09-29,1704867,DEBIT,50.0,0.0,68.0
2024-09-29,2335121,WITHDRAWAL,0.0,68.0,0.0
2024-09-30,2280324,DEPOSIT,0.0,2280324.0,0.0
2024-09-30,2439653,WITHDRAWAL,0.0,2439653.0,0.0
2024-09-30,2521784,WITHDRAWAL,0.0,85.0,0.0
2024-09-30,2693865,WITHDRAWAL,0.0,171.0,0.0
2024-09-30,2698117,WITHDRAWAL,0.0,5.0,0.0
2024-09-30,2710789,WITHDRAWAL,0.0,90.0,0.0
2024-09-30,2833826,WITHDRAWAL,0.0,149.0,0.0
2024-09-30,924012927,CREDIT,0.0,924012927.0,0.0
2024-10-01,859254,WITHDRAWAL,0.0,859254.0,0.0
2024-10-01,1461518,DEPOSIT,0.0,1461518.0,0.0
2024-10-01,1507510,WITHDRAWAL,0.0,1507510.0,0.0
2024-10-01,1508695,WITHDRAWAL,0.0,351.55,0.0
2024-01-01,2022179,WITHDRAWAL,0.0,100.0,0.0
2024-01-03,1781051,DEPOSIT,0.0,1781051.0,0.0
2024-01-03,1919242,WITHDRAWAL,0.0,1919242.0,0.0
2024-01-23,1469921,DEPOSIT,0.0,1469921.0,0.0
2024-01-24,1618986,DEPOSIT,0.0,1618986.0,0.0
2024-01-24,1693475,DEPOSIT,0.0,1693475.0,0.0
2024-01-24,1712366,WITHDRAWAL,0.0,1712366.0,0.0
2024-01-24,1729769,WITHDRAWAL,0.0,653.0,0.0
2024-01-31,2316559,DEPOSIT,0.0,2316559.0,0.0
2024-01-31,924014608,CREDIT,0.0,924014608.0,0.0
2024-02-01,68451,WITHDRAWAL,0.0,200.0,0.0
2024-02-01,2136717,WITHDRAWAL,0.0,694.0,0.0
2024-02-02,187836,DEBIT,5.0,0.0,1.33
2024-02-02,187941,CREDIT,187941.0,0.0,0.0
2024-02-05,2026568,DEPOSIT,0.0,2026568.0,0.0
2024-02-05,2029333,DEBIT,100.0,0.0,6.33
2024-02-08,2151553,DEBIT,99.0,0.0,297.33
2024-02-09,361650,WITHDRAWAL,0.0,297.0,0.0
2024-02-11,1523424,DEPOSIT,0.0,1523424.0,0.0
2024-02-12,1050038,WITHDRAWAL,0.0,1050038.0,0.0
2024-02-13,707018,WITHDRAWAL,0.0,707018.0,0.0
2024-02-14,699106,WITHDRAWAL,0.0,190.0,0.0
2024-02-17,950025038,DEPOSIT,0.0,950025038.0,0.0
2024-02-17,950025629,WITHDRAWAL,0.0,55.0,0.0
2024-02-19,896429,DEPOSIT,0.0,896429.0,0.0
2024-02-20,621760,WITHDRAWAL,0.0,1000.0,0.0
2024-02-23,1297343,DEPOSIT,0.0,1297343.0,0.0
2024-02-23,1356650,WITHDRAWAL,0.0,50.0,0.0
2024-02-23,1371598,WITHDRAWAL,0.0,35.0,0.0
2024-02-23,1358561,WITHDRAWAL,0.0,10.0,0.0
2024-02-23,1469768,DEBIT,100.0,0.0,1306.33
2024-02-24,38729,WITHDRAWAL,0.0,200.0,0.0
2024-02-24,320319,WITHDRAWAL,0.0,580.0,0.0
2024-02-24,945558,DEBIT,99.0,0.0,427.33
2024-02-24,953703,DEPOSIT,0.0,953703.0,0.0
2024-02-24,1033575,WITHDRAWAL,0.0,150.0,0.0
2024-02-24,1059579,WITHDRAWAL,0.0,150.0,0.0
2024-02-24,1449125,WITHDRAWAL,0.0,180.0,0.0
2024-02-25,744692,DEPOSIT,0.0,744692.0,0.0
2024-02-25,791160,DEPOSIT,0.0,791160.0,0.0
2024-02-25,834884,WITHDRAWAL,0.0,877.0,0.0
2024-02-25,985399,WITHDRAWAL,0.0,200.0,0.0
2024-02-25,1107237,DEPOSIT,0.0,1107237.0,0.0
2024-02-25,1148910,WITHDRAWAL,0.0,200.0,0.0
2024-02-25,1193430,WITHDRAWAL,0.0,450.0,0.0
2024-02-25,1570794,WITHDRAWAL,0.0,500.0,0.0
2024-02-26,611503,WITHDRAWAL,0.0,611503.0,0.0
2024-02-26,1186668,WITHDRAWAL,0.0,45.0,0.0
2024-02-26,1609097,WITHDRAWAL,0.0,730.0,0.0
2024-02-26,1623317,WITHDRAWAL,0.0,230.0,0.0
2024-02-26,1618506,WITHDRAWAL,0.0,45.0,0.0
2024-02-27,824169,WITHDRAWAL,0.0,45.0,0.0
2024-02-28,563547,DEPOSIT,0.0,563547.0,0.0
2024-02-28,961912,WITHDRAWAL,0.0,961912.0,0.0
2024-02-28,1991496,WITHDRAWAL,0.0,36.12,0.0
2024-02-28,2202035,WITHDRAWAL,0.0,297.15,0.0
2024-02-28,2209611,WITHDRAWAL,0.0,248.38,0.0
2024-02-28,2245798,WITHDRAWAL,0.0,35.08,0.0
2024-02-28,2259501,WITHDRAWAL,0.0,17.68,0.0
2024-02-28,2262036,WITHDRAWAL,0.0,17.68,0.0
2024-02-28,2277683,DEPOSIT,0.0,2277683.0,0.0
2024-02-28,2278021,WITHDRAWAL,0.0,398.67,0.0
2024-02-29,1233695,WITHDRAWAL,0.0,1233695.0,0.0
2024-02-29,2489596,DEPOSIT,0.0,2489596.0,0.0
2024-02-29,2502482,WITHDRAWAL,0.0,464.59,0.0
2024-02-29,924014135,CREDIT,0.0,924014135.0,0.0
2024-03-02,965486,DEBIT,19.0,0.0,21.44
2024-03-03,507876,DEBIT,20.0,0.0,1.44
2024-03-03,2005008,DEPOSIT,0.0,2005008.0,0.0
2024-03-04,950017542,WITHDRAWAL,0.0,1500.0,0.0
2024-03-04,950018389,WITHDRAWAL,0.0,950018389.0,0.0
2024-03-05,463987,WITHDRAWAL,0.0,1000.0,0.0
2024-03-08,1921951,DEPOSIT,0.0,1921951.0,0.0
2024-03-08,1918300,WITHDRAWAL,0.0,1918300.0,0.0
2024-03-09,649597,WITHDRAWAL,0.0,200.0,0.0
2024-03-09,991898,DEBIT,20.0,0.0,21.44
2024-03-12,69959,DEPOSIT,0.0,69959.0,0.0
2024-03-12,903356,WITHDRAWAL,0.0,110.0,0.0
2024-03-12,908670,WITHDRAWAL,0.0,480.0,0.0
2024-03-12,923558,WITHDRAWAL,0.0,1431.0,0.0
2024-03-16,489584,DEPOSIT,0.0,489584.0,0.0
2024-03-16,494791,WITHDRAWAL,0.0,494791.0,0.0
2024-03-20,135669,DEPOSIT,0.0,135669.0,0.0
2024-03-20,156467,DEBIT,99.0,0.0,401.44
2024-03-20,156941,DEBIT,19.0,0.0,382.44
2024-03-20,605063,WITHDRAWAL,0.0,86.0,0.0
2024-03-20,902221,DEBIT,20.0,0.0,276.44
2024-03-20,1396237,WITHDRAWAL,0.0,1396237.0,0.0
2024-03-20,1556610,WITHDRAWAL,0.0,1556610.0,0.0
2024-03-21,629429,DEPOSIT,0.0,629429.0,0.0
2024-03-21,1047347,WITHDRAWAL,0.0,1047347.0,0.0
2024-03-21,1354919,WITHDRAWAL,0.0,600.0,0.0
2024-03-21,1418105,WITHDRAWAL,0.0,370.0,0.0
2024-03-22,609459,DEPOSIT,0.0,609459.0,0.0
2024-03-22,1040884,WITHDRAWAL,0.0,110.0,0.0
2024-03-22,1037335,WITHDRAWAL,0.0,95.0,0.0
2024-03-22,1529263,DEBIT,15.0,0.0,316.44
2024-03-22,1530227,WITHDRAWAL,0.0,300.0,0.0
2024-03-25,1081645,DEPOSIT,0.0,1081645.0,0.0
2024-03-25,1716223,WITHDRAWAL,0.0,95.0,0.0
2024-03-25,1705750,WITHDRAWAL,0.0,50.0,0.0
2024-03-26,4579,WITHDRAWAL,0.0,200.0,0.0
2024-03-26,1658644,WITHDRAWAL,0.0,95.0,0.0
2024-03-29,168783,DEPOSIT,0.0,168783.0,0.0
2024-03-29,1248008,DEBIT,99.0,0.0,1401.44
2024-03-29,1362016,WITHDRAWAL,0.0,1362016.0,921732168691304.0
2024-03-29,1615735,WITHDRAWAL,0.0,1615735.0,0.0
2024-03-29,1838014,WITHDRAWAL,0.0,60.0,0.0
2024-03-29,1866267,WITHDRAWAL,0.0,150.0,0.0
2024-03-29,1932707,WITHDRAWAL,0.0,100.0,0.0
2024-03-29,1935793,WITHDRAWAL,0.0,350.0,0.0
2024-03-29,1945178,DEPOSIT,0.0,1945178.0,0.0
2024-03-29,1946297,DEPOSIT,0.0,1946297.0,0.0
2024-03-29,1927005,DEPOSIT,0.0,1927005.0,0.0
2024-03-29,1948256,DEPOSIT,0.0,1948256.0,0.0
2024-03-29,1951741,DEPOSIT,0.0,1951741.0,0.0
2024-03-29,1970405,WITHDRAWAL,0.0,105.0,0.0
2024-03-29,1976542,WITHDRAWAL,0.0,100.0,0.0
2024-03-29,2027632,WITHDRAWAL,0.0,385.0,0.0
2024-03-29,2061150,DEPOSIT,0.0,2061150.0,0.0
2024-03-29,2075917,DEPOSIT,0.0,2075917.0,0.0
2024-03-29,2140456,WITHDRAWAL,0.0,2140456.0,0.0
2024-03-30,131432,DEPOSIT,0.0,131432.0,0.0
2024-03-30,710347,DEPOSIT,0.0,710347.0,0.0
2024-03-30,1344138,WITHDRAWAL,0.0,150.0,0.0
2024-03-30,1346255,DEPOSIT,0.0,1346255.0,0.0
2024-03-30,1394437,DEPOSIT,0.0,1394437.0,0.0
2024-03-30,1397139,DEPOSIT,0.0,1397139.0,0.0
2024-03-30,1450961,DEBIT,50.0,0.0,1520.44
2024-03-30,1524761,WITHDRAWAL,0.0,1524761.0,0.0
2024-03-30,1749857,WITHDRAWAL,0.0,560.0,0.0
2024-03-30,1779403,WITHDRAWAL,0.0,250.0,0.0
2024-03-30,1811262,WITHDRAWAL,0.0,50.0,0.0
2024-03-30,2027435,DEPOSIT,0.0,2027435.0,0.0
2024-03-30,2030293,WITHDRAWAL,0.0,800.0,0.0
2024-03-31,603897,WITHDRAWAL,0.0,603897.0,0.0
2024-03-31,762920,DEPOSIT,0.0,762920.0,0.0
2024-03-31,874746,WITHDRAWAL,0.0,874746.0,3515162160311304.0
2024-03-31,924014096,CREDIT,0.0,924014096.0,0.0
2024-04-02,950028394,WITHDRAWAL,0.0,70.0,0.0
2024-04-05,1350463,DEPOSIT,0.0,1350463.0,0.0
2024-04-05,1359686,WITHDRAWAL,0.0,1359686.0,0.0
2024-04-05,1945049,WITHDRAWAL,0.0,1945049.0,0.0
2024-04-09,846883,DEPOSIT,0.0,846883.0,0.0
2024-04-09,863812,WITHDRAWAL,0.0,863812.0,0.0
2024-04-10,135016,DEPOSIT,0.0,135016.0,0.0
2024-04-10,734455,WITHDRAWAL,0.0,35.0,0.0
2024-04-10,1593013,WITHDRAWAL,0.0,1593013.0,551842163281304.0
2024-04-10,1892921,WITHDRAWAL,0.0,85.0,0.0
2024-04-12,1027787,WITHDRAWAL,0.0,1027787.0,0.0
2024-04-17,1507296,DEPOSIT,0.0,1507296.0,0.0
2024-04-17,1531695,WITHDRAWAL,0.0,1531695.0,0.0
2024-04-17,1538773,WITHDRAWAL,0.0,286.0,0.0
2024-04-17,1550797,WITHDRAWAL,0.0,200.0,0.0
2024-04-17,1579350,WITHDRAWAL,0.0,500.0,0.0
2024-04-17,2205376,WITHDRAWAL,0.0,155.0,0.0
2024-04-18,176951,DEBIT,19.0,0.0,40.89
2024-04-27,239078,DEPOSIT,0.0,239078.0,0.0
2024-04-27,1470789,WITHDRAWAL,0.0,20.0,0.0
2024-04-27,1601579,WITHDRAWAL,0.0,175.0,0.0
2024-04-27,2170025,WITHDRAWAL,0.0,1300.0,0.0
2024-04-28,62454,WITHDRAWAL,0.0,200.0,0.0
2024-04-29,793304,WITHDRAWAL,0.0,45.0,0.0
2024-04-30,2538043,DEPOSIT,0.0,2538043.0,0.0
2024-04-30,924014482,CREDIT,0.0,924014482.0,0.0
2024-05-01,999503,WITHDRAWAL,0.0,45.0,0.0
2024-05-01,1671031,WITHDRAWAL,0.0,70.0,0.0
2024-05-01,1733518,WITHDRAWAL,0.0,115.0,0.0
2024-05-02,1273374,WITHDRAWAL,0.0,1273374.0,0.0
2024-05-04,1276355,WITHDRAWAL,0.0,70.0,0.0
2024-05-08,2166048,DEPOSIT,0.0,2166048.0,0.0
2024-05-08,2189031,WITHDRAWAL,0.0,400.0,0.0
2024-05-09,524038,WITHDRAWAL,0.0,150.0,0.0
2024-05-09,532564,WITHDRAWAL,0.0,220.0,0.0
2024-05-09,1936647,WITHDRAWAL,0.0,120.0,0.0
2024-05-10,867227,WITHDRAWAL,0.0,867227.0,0.0
2024-05-10,2063089,DEBIT,10.0,0.0,1.07
2024-05-14,1557421,WITHDRAWAL,0.0,120.0,0.0
2024-05-15,828418,DEPOSIT,0.0,828418.0,0.0
2024-05-15,830417,WITHDRAWAL,0.0,830417.0,0.0
2024-05-15,954060,WITHDRAWAL,0.0,121.0,0.0
2024-05-16,1042633,WITHDRAWAL,0.0,100.0,0.0
2024-05-16,1917305,WITHDRAWAL,0.0,65.0,0.0
2024-05-17,382496,DEPOSIT,0.0,382496.0,0.0
2024-05-17,637480,DEBIT,50.0,0.0,475.07
2024-05-17,2130985,WITHDRAWAL,0.0,110.0,0.0
2024-05-18,129162,DEBIT,19.0,0.0,346.07
2024-05-18,305521,DEBIT,19.0,0.0,327.07
2024-05-18,320087,WITHDRAWAL,0.0,100.0,0.0
2024-05-19,712549,WITHDRAWAL,0.0,35.0,0.0
2024-05-19,787958,DEBIT,20.0,0.0,172.07
2024-05-21,950024200,WITHDRAWAL,0.0,950024200.0,0.0
2024-05-21,281864,DEBIT,10.0,0.0,12.07
2024-05-21,888191,DEBIT,10.0,0.0,2.07
2024-05-21,1101500,DEPOSIT,0.0,1101500.0,0.0
2024-05-21,1115892,WITHDRAWAL,0.0,390.0,0.0
2024-05-21,1133457,WITHDRAWAL,0.0,40.0,0.0
2024-05-21,1264277,WITHDRAWAL,0.0,50.0,0.0
2024-05-23,39067,WITHDRAWAL,0.0,300.0,0.0
2024-05-23,39178,WITHDRAWAL,0.0,39178.0,0.0
2024-05-23,39310,WITHDRAWAL,0.0,39310.0,0.0
2024-05-23,39552,WITHDRAWAL,0.0,1700.0,0.0
2024-05-23,329297,DEBIT,40.0,0.0,52.55
2024-05-23,471206,WITHDRAWAL,0.0,471206.0,1211172168411304.0
2024-05-24,868994,WITHDRAWAL,0.0,868994.0,0.0
2024-05-24,1261534,WITHDRAWAL,0.0,50.0,0.0
2024-05-25,1460681,DEPOSIT,0.0,1460681.0,0.0
2024-05-25,1463109,WITHDRAWAL,0.0,300.0,0.0
2024-05-25,1606738,DEPOSIT,0.0,1606738.0,0.0
2024-05-25,1592301,WITHDRAWAL,0.0,300.0,0.0
2024-05-25,1984063,WITHDRAWAL,0.0,95.0,0.0
2024-05-26,731220,WITHDRAWAL,0.0,175.0,0.0
2024-05-26,1842771,WITHDRAWAL,0.0,65.0,0.0
2024-05-27,1545726,DEPOSIT,0.0,1545726.0,0.0
2024-05-27,1883282,WITHDRAWAL,0.0,110.0,0.0
2024-05-27,1946393,WITHDRAWAL,0.0,45.0,0.0
2024-05-27,2137239,WITHDRAWAL,0.0,105.0,0.0
2024-05-27,2163698,WITHDRAWAL,0.0,300.0,0.0
2024-05-28,565571,DEBIT,10.0,0.0,107.55
2024-05-29,2564203,WITHDRAWAL,0.0,80.0,0.0
2024-05-31,1931647,DEPOSIT,0.0,1931647.0,0.0
2024-05-31,2296406,WITHDRAWAL,0.0,2296406.0,0.0
2024-05-31,2340911,DEPOSIT,0.0,2340911.0,0.0
2024-05-31,2363720,WITHDRAWAL,0.0,80.0,0.0
2024-05-31,924013831,CREDIT,0.0,924013831.0,0.0
2024-06-03,1875296,WITHDRAWAL,0.0,1875296.0,0.0
2024-06-05,1398075,WITHDRAWAL,0.0,80.0,0.0
2024-06-06,1869420,DEPOSIT,0.0,1869420.0,0.0
2024-06-06,1885813,WITHDRAWAL,0.0,200.0,0.0
2024-06-06,1913226,WITHDRAWAL,0.0,1913226.0,0.0
2024-06-06,2023439,WITHDRAWAL,0.0,170.0,0.0
2024-06-07,134555,DEPOSIT,0.0,134555.0,0.0
2024-06-07,152109,WITHDRAWAL,0.0,687.0,0.0
2024-06-07,152566,WITHDRAWAL,0.0,1500.0,0.0
2024-06-07,245268,WITHDRAWAL,0.0,245268.0,0.0
2024-06-07,1333061,WITHDRAWAL,0.0,1333061.0,501622162941304.0
2024-06-07,1334722,WITHDRAWAL,0.0,250.0,0.0
2024-06-07,1931540,WITHDRAWAL,0.0,240.0,0.0
2024-06-07,1952882,WITHDRAWAL,0.0,70.0,0.0
2024-06-08,951194,WITHDRAWAL,0.0,100.0,0.0
2024-06-08,1061353,WITHDRAWAL,0.0,210.0,0.0
2024-06-08,1063408,DEPOSIT,0.0,1063408.0,0.0
2024-06-08,1177129,WITHDRAWAL,0.0,20.0,0.0
2024-06-08,1605882,DEPOSIT,0.0,1605882.0,0.0
2024-06-08,1650741,WITHDRAWAL,0.0,300.0,0.0
2024-06-08,1802969,WITHDRAWAL,0.0,695.0,0.0
2024-06-08,1874749,WITHDRAWAL,0.0,95.0,0.0
2024-06-08,2036503,WITHDRAWAL,0.0,300.0,0.0
2024-06-08,2152172,WITHDRAWAL,0.0,100.0,0.0
2024-06-08,2157871,WITHDRAWAL,0.0,35.0,0.0
2024-06-08,2169824,WITHDRAWAL,0.0,2169824.0,0.0
2024-06-08,2491313,WITHDRAWAL,0.0,75.0,0.0
2024-06-09,359692,WITHDRAWAL,0.0,50.0,0.0
2024-06-09,1077153,DEPOSIT,0.0,1077153.0,0.0
2024-06-09,1128947,WITHDRAWAL,0.0,1128947.0,0.0
2024-06-09,1135817,WITHDRAWAL,0.0,150.0,0.0
2024-06-09,1358678,WITHDRAWAL,0.0,250.0,0.0
2024-06-09,1698218,WITHDRAWAL,0.0,30.0,0.0
2024-06-10,1280449,WITHDRAWAL,0.0,1280449.0,0.0
2024-06-11,2322865,WITHDRAWAL,0.0,2322865.0,0.0
2024-06-12,538100134,DEPOSIT,538100134.0,0.0,0.0
2024-06-12,2050831,WITHDRAWAL,0.0,2050831.0,0.0
2024-06-13,73490,WITHDRAWAL,0.0,75.0,0.0
2024-06-13,1009734,DEPOSIT,0.0,1009734.0,0.0
2024-06-13,1060679,DEBIT,19.0,0.0,4491.89
2024-06-13,1067282,WITHDRAWAL,0.0,1491.0,0.0
2024-06-14,338237,DEPOSIT,0.0,338237.0,0.0
2024-06-14,947247,WITHDRAWAL,0.0,947247.0,0.0
2024-06-14,1308650,DEBIT,499.0,0.0,501.89
2024-06-14,1562508,DEPOSIT,0.0,1562508.0,0.0
2024-06-14,1695683,WITHDRAWAL,0.0,1500.0,0.0
2024-06-16,337553,DEPOSIT,0.0,337553.0,0.0
2024-06-16,987331,WITHDRAWAL,0.0,600.0,0.0
2024-06-16,1263272,WITHDRAWAL,0.0,260.0,0.0
2024-06-17,895907,WITHDRAWAL,0.0,895907.0,0.0
2024-06-18,2112003,DEBIT,50.0,0.0,91.89
2024-06-21,2307380,WITHDRAWAL,0.0,2307380.0,0.0
2024-06-21,2441333,DEBIT,49.0,0.0,22.89
2024-06-22,218004,DEPOSIT,0.0,218004.0,0.0
2024-06-22,238579,DEBIT,699.0,0.0,7.89
2024-06-26,2753640,DEBIT,5.0,0.0,2.89
2024-06-27,577329,WITHDRAWAL,0.0,150.0,0.0
2024-06-27,591901,WITHDRAWAL,0.0,50.0,0.0
2024-06-27,589300,WITHDRAWAL,0.0,589300.0,5191112162071304.0
2024-06-28,2907371,DEBIT,10.0,0.0,42.89
2024-06-29,2059869,DEBIT,19.0,0.0,23.89
2024-06-30,325952,DEBIT,10.0,0.0,13.89
2024-06-30,392787,DEBIT,10.0,0.0,3.89
2024-06-30,924013451,CREDIT,0.0,924013451.0,0.0
